,Close,High,Low,Open,Volume
2015-01-02,169.26748657226562,170.46224844022055,168.23752811557006,170.05026505754233,121465900.0
2015-01-05,166.21060180664062,168.39410903276186,165.90573808107496,168.2293181695571,169632600.0
2015-01-06,164.64511108398438,167.03461063221943,163.85409714017257,166.51550733869482,209151400.0
2015-01-07,166.6967315673828,167.03456099365474,165.518465005697,165.96340157310811,125346700.0
2015-01-08,169.65476989746094,169.8690093256582,168.08100276449525,168.0974730491747,147217800.0
2015-01-09,168.29519653320312,170.08320274284495,167.68545665605404,170.06671988866958,158567300.0
2015-01-12,166.97691345214844,168.58365921741313,166.37542104114945,168.42710347021386,144396100.0
2015-01-13,166.5072021484375,169.30868406597367,165.21356831758087,168.18808878441223,214553300.0
2015-01-14,165.50193786621094,165.6996943836683,163.61505981481227,164.50493271153792,192991100.0
2015-01-15,163.98590087890625,166.44955393727855,163.8705460123544,166.13645505534498,176613900.0
2015-01-16,166.136474609375,166.29303035513692,163.59865467379922,163.77992842439312,211879600.0
2015-01-19,166.136474609375,166.29303035513692,163.59865467379922,163.77992842439312,211879600.0
2015-01-20,166.49073791503906,167.0345590476675,164.93344108813844,166.77088362357995,130991100.0
2015-01-21,167.33119201660156,167.8090943057838,165.56790343300892,166.0293228645679,122942700.0
2015-01-22,169.81954956054688,169.9513746832163,166.71319144103717,168.08097924220147,174356000.0
2015-01-23,168.88845825195312,169.81954466137304,168.75662056035247,169.56410441912143,117516800.0
2015-01-26,169.28396606445312,169.37460290975088,167.96562680971778,168.6742387167544,92009700.0
2015-01-27,167.05104064941406,168.1881063322217,166.2270738144371,167.24054950109263,134044600.0
2015-01-28,164.90875244140625,168.32821041180577,164.7192435545721,168.2293383965425,168514300.0
2015-01-29,166.4330596923828,166.68848739063924,163.7057190030601,165.10647263163597,173585400.0
2015-01-30,164.34017944335938,166.58137019560846,164.0765165992491,165.26303082958518,197729700.0
2015-02-02,166.37535095214844,166.4659877900949,163.03004823423376,164.83453727979213,163107000.0
2015-02-03,168.7813720703125,168.7896197856342,166.89449345395215,167.26527603406157,124212900.0
2015-02-04,168.13870239257812,169.2263448570406,167.6855180323854,168.0233475165962,134306700.0
2015-02-05,169.8360595703125,169.9843801555203,168.72371175857302,168.79786576480814,97953200.0
2015-02-06,169.36636352539062,170.7588693079273,168.8472604632597,170.19856539483234,125672000.0
2015-02-09,168.6083221435547,169.44052404507613,168.20457390491867,168.72367698706,87219000.0
2015-02-10,170.40463256835938,170.66006035566588,168.64957863620293,169.63834920643984,96164200.0
2015-02-11,170.50347900390625,170.93194534851392,169.59712288088554,170.23981611142796,91087800.0
2015-02-12,172.14320373535156,172.2008874668353,170.53647041692065,171.2945186345204,97545900.0
2015-02-13,172.85174560546875,172.90118159934494,172.011295991369,172.2667362476208,93670400.0
2015-02-16,172.85174560546875,172.90118159934494,172.011295991369,172.2667362476208,93670400.0
2015-02-17,173.12367248535156,173.29671105298593,172.29147050683778,172.53865049954948,76968200.0
2015-02-18,173.1401824951172,173.2143365045599,172.48924155159625,172.7529170154878,80652900.0
2015-02-19,173.0165557861328,173.37910321207133,172.40682836317836,172.54690121906617,91462500.0
2015-02-20,174.05484008789062,174.12899412023634,171.98667431902993,172.60464973406155,140896400.0
2015-02-23,174.0300750732422,174.0300750732422,173.42857011269794,173.80760046355132,74411100.0
2015-02-24,174.5244140625,174.722170629938,173.65924636747098,173.9558749322599,72472300.0
2015-02-25,174.37612915039062,174.87874949135494,174.03829968440488,174.4008471530005,73061700.0
2015-02-26,174.17010498046875,174.44201553128175,173.56860016833596,174.2854598287468,72697900.0
2015-02-27,173.576904296875,174.33495248517968,173.52746828479377,174.07127699042695,108076000.0
2015-03-02,174.6727752685547,174.73044642284773,173.6263336197722,173.67576962994886,87491400.0
2015-03-03,173.95584106445312,174.72213661293964,173.09892125119623,174.24423443089367,110325800.0
2015-03-04,173.22254943847656,173.43678886860448,172.25850972111044,173.36262229593285,114497200.0
2015-03-05,173.41209411621094,173.6922398686798,172.90947376137532,173.54391927618923,76873000.0
2015-03-06,170.97314453125,172.98362592918326,170.64356277570667,172.5551595887865,188128000.0
2015-03-09,171.6817169189453,172.03601659558407,171.01430584603222,171.17086154416938,89818900.0
2015-03-10,168.896728515625,170.40458942344534,168.85552765684014,170.3222002786125,157121300.0
2015-03-11,168.50115966796875,169.32512621891237,168.41875798378166,169.1520877112122,110145700.0
2015-03-12,170.64356994628906,170.70947624197672,169.07802510982762,169.12746111796264,93993500.0
2015-03-13,169.59706115722656,171.32738362020277,168.5671028199549,170.3715918384922,162410900.0
2015-03-16,171.86302185058594,171.95365871478418,169.6218308201728,170.32220773195343,136099200.0
2015-03-17,171.35220336914062,171.7312211937893,170.54470656008186,171.12972873213545,94510400.0
2015-03-18,173.41209411621094,174.07950535057307,170.24805139470664,170.88250948225874,228808500.0
2015-03-19,172.62106323242188,173.4203121205103,172.23379778880226,173.00009353333743,117917300.0
2015-03-20,174.144775390625,174.64963931072836,173.38334355895196,173.56542645661938,177715100.0
2015-03-23,173.80540466308594,174.72409087860225,173.80540466308594,174.15301395694925,71784500.0
2015-03-24,172.8288116455078,174.13647945569306,172.7625985389774,173.68128487019177,77805300.0
2015-03-25,170.29620361328125,173.26745828942722,170.25483147293886,173.0357187365326,159521700.0
2015-03-26,169.89068603515625,170.80108792219932,168.93888674510126,169.63411811581813,153067200.0
2015-03-27,170.27964782714844,170.45344616516104,169.58441658852533,169.77478398768255,118939000.0
2015-03-30,172.35708618164062,172.6550389126073,171.289429595846,171.3059734044997,96180400.0
2015-03-31,170.8507537841797,172.23293206776975,170.79282520034084,171.53770065967885,126768700.0
2015-04-01,170.2465057373047,170.8424109087673,169.26160656144688,170.81758257902766,137303600.0
2015-04-02,170.8590087890625,171.3059314616564,169.99825105308088,170.18033393458242,86900900.0
2015-04-03,170.8590087890625,171.3059314616564,169.99825105308088,170.18033393458242,86900900.0
2015-04-06,172.00949096679688,172.52262691237615,169.8410647411682,169.97347836563657,114368200.0
2015-04-07,171.55422973632812,172.7791406227922,171.52112949782202,172.0342652822478,81236300.0
2015-04-08,172.1335906982422,172.57224150514753,171.38871530546015,171.77770943669464,89351900.0
2015-04-09,172.89501953125,173.12675909960655,171.47975378370523,171.96806125782373,85548900.0
2015-04-10,173.8385467529297,173.87993152787084,172.94470128427375,173.14332799781496,72722900.0
2015-04-13,173.05223083496094,174.32681077121464,173.00257417256128,173.69779270386903,74436600.0
2015-04-14,173.38333129882812,173.56541418362028,172.23290541520072,172.85363907821247,75099900.0
2015-04-15,174.1613006591797,174.66616452554595,173.764034665126,173.84680420211387,99529300.0
2015-04-16,174.11163330078125,174.6164971361567,173.6315977992064,173.830237098469,68934900.0
2015-04-17,172.10877990722656,173.1681645257431,171.3307915654402,172.9281530259111,191113200.0
2015-04-20,173.68125915527344,174.01231201005183,172.94465581886317,173.0274127181293,92189500.0
2015-04-21,173.474365234375,174.51719319671872,173.17641258386848,174.35993865494333,72559800.0
2015-04-22,174.32684326171875,174.50892614369104,172.89500854176768,173.81369485395206,78264600.0
2015-04-23,174.76551818847656,175.41108026692928,173.8137188777299,173.92958867055833,102585900.0
2015-04-24,175.17105102539062,175.43590347488626,174.72412830294158,175.1793355574748,61327400.0
2015-04-27,174.4427032470703,175.85796882521973,174.2523358446019,175.73382715305146,79358100.0
2015-04-28,174.9972381591797,175.04689483213167,173.25090693016813,174.4178892599751,86863500.0
2015-04-29,174.27723693847656,174.87312979934194,173.4744201711731,174.11169781332612,125684900.0
2015-04-30,172.5308837890625,174.09513234780124,171.8356523849537,173.70613818403748,161304900.0
2015-05-01,174.40126037597656,174.44264512919736,173.20945020479732,173.3087635094444,103399700.0
2015-05-04,174.8979034423828,175.47725227079633,174.71582057790178,174.8234058131989,70927200.0
2015-05-05,172.89501953125,175.01380114443174,172.75432140966632,174.6579072601889,113326200.0
2015-05-06,172.18321228027344,173.74746038938505,171.12382798568237,173.44123586592173,135060200.0
2015-05-07,172.87020874023438,173.29231577668872,171.75289555700596,172.0839485085861,88244900.0
2015-05-08,175.14622497558594,175.3448643153034,174.4510062298649,174.53377577862886,155877300.0
2015-05-11,174.31031799316406,175.36970260739656,174.2358329723651,175.10486276826882,75708100.0
2015-05-12,173.7888946533203,174.32687148400893,172.66329694111005,173.4826700426361,119727600.0
2015-05-13,173.82196044921875,174.8151316606903,173.5902209208373,174.19439807491344,94667900.0
2015-05-14,175.634521484375,175.7255629242263,174.5585806394573,174.8317049590112,95934000.0
2015-05-15,175.8249053955078,175.96560352970437,175.34486978120518,175.8249053955078,76510100.0
2015-05-18,176.37106323242188,176.6193465007806,175.5930753146207,175.659288395801,74549700.0
2015-05-19,176.31320190429688,176.76013724747122,176.0318056534743,176.48701289972237,72114600.0
2015-05-20,176.1890869140625,176.93396242708732,175.87457774556415,176.412541990653,76857500.0
2015-05-21,176.70220947265625,176.90912072496616,175.8828363671192,176.04837547205562,64764600.0
2015-05-22,176.2801055908203,176.7353002183509,176.21389247817623,176.3214777359704,57433500.0
2015-05-25,176.2801055908203,176.7353002183509,176.21389247817623,176.3214777359704,57433500.0
2015-05-26,174.384765625,176.2138662819026,173.97094320413913,175.79175933015534,124308600.0
2015-05-27,176.04006958007812,176.27180914423877,174.43443643635138,174.83998698806207,93214000.0
2015-05-28,175.84149169921875,175.94907697960747,175.15454471873457,175.73389378996742,74974600.0
2015-05-29,174.7489013671875,175.81655747296756,174.4840616303224,175.77518534107256,124919600.0
2015-06-01,175.10482788085938,175.74210532587335,174.31855516621133,175.41105243570655,93338800.0
2015-06-02,174.9310760498047,175.6180230265762,174.02894588455612,174.64967973513563,91531000.0
2015-06-03,175.39453125,176.0152650154497,174.90622371877285,175.46074436711126,87820900.0
2015-06-04,173.91307067871094,175.34489318023878,173.5985614962661,174.69105910126686,151882800.0
2015-06-05,173.61508178710938,174.28547216475346,172.96123521540898,173.7640518137594,121704700.0
2015-06-08,172.5474395751953,173.6564935599734,172.4729545502893,173.5075108812999,89063300.0
2015-06-09,172.5225830078125,173.06055978923862,171.89357740785732,172.5225830078125,105034700.0
2015-06-10,174.59169006347656,174.97241227621174,173.2260810227127,173.28400959901603,134551300.0
2015-06-11,175.15452575683594,175.53523540720437,174.79863181876678,175.03037142217224,73876400.0
2015-06-12,173.81369018554688,175.03032912383966,173.5405658699242,174.33511048163183,135382400.0
2015-06-15,173.06886291503906,173.35025921087504,171.976365349283,172.67986871773456,124384200.0
2015-06-16,174.01234436035156,174.0951139038621,172.74604864356712,172.9198470045364,85308200.0
2015-06-17,174.293701171875,174.89789091932678,173.27570168706376,174.293701171875,126708600.0
2015-06-18,176.1062469482422,176.56972598250243,174.32681580695237,174.8896081688808,165867900.0
2015-06-19,175.32452392578125,175.93996490246164,174.95027459400237,175.8651175741638,130478700.0
2015-06-22,176.2227325439453,176.80489958980397,176.01481483540366,176.2393695139098,70696000.0
2015-06-23,176.3474578857422,176.6801337954622,175.95658431353976,176.4306300357443,68476800.0
2015-06-24,175.0666961669922,176.4555848227745,175.04174705924612,176.08133551629476,92307300.0
2015-06-25,174.534423828125,175.6904456611954,174.45957650641196,175.565700125007,97107400.0
2015-06-26,174.5011444091797,175.13320954385787,173.95223872653727,174.89201794529356,104174800.0
2015-06-29,170.84181213378906,174.50948336281797,170.7669648083695,173.02911037205925,202621300.0
2015-06-30,171.1993865966797,172.42194331185507,170.725328295157,172.3720324193642,182925100.0
2015-07-01,172.57168579101562,173.01247028648763,171.78991323216673,172.7629665159609,135979900.0
2015-07-02,172.41366577148438,173.2120752966029,171.997830385343,173.0457436802041,104373700.0
2015-07-03,172.41366577148438,173.2120752966029,171.997830385343,173.0457436802041,104373700.0
2015-07-06,171.92298889160156,172.69643664471428,170.93329860857745,171.13290416919813,117975400.0
2015-07-07,173.00416564941406,173.12891119494245,169.75232973288658,172.12259662024158,173820200.0
2015-07-08,170.1016387939453,171.95626124552618,169.868771969993,171.6734962007684,164020100.0
2015-07-09,170.40928649902344,172.4468894494902,170.30117795953123,172.1890609253837,144113100.0
2015-07-10,172.55503845214844,172.97087381460608,170.45091253333575,172.39701898396842,129456900.0
2015-07-13,174.45956420898438,174.5676727692977,173.76927601339287,173.81086208595383,106069400.0
2015-07-14,175.2163543701172,175.5240811187957,174.35973467490103,174.41795770772453,81709600.0
2015-07-15,175.15817260742188,175.7153904725882,174.68411420091857,175.2579690339328,97914100.0
2015-07-16,176.563720703125,176.563720703125,175.96491668705937,176.20609564533783,106683300.0
2015-07-17,176.7134246826172,176.77164773544249,176.14789457666555,176.55540518528056,89030000.0
2015-07-20,176.8048858642578,177.29556857265433,176.48885960120506,176.93795623306366,70446800.0
2015-07-21,176.10626220703125,176.92962072871038,175.80686026190133,176.67179216433937,77965000.0
2015-07-22,175.79025268554688,176.12292861924817,175.3910542553946,175.42431550362008,88667900.0
2015-07-23,174.80056762695312,176.0231247529665,174.44295526411543,175.92332831501918,90509100.0
2015-07-24,172.98756408691406,174.95862025143398,172.65490077055605,174.90040988170279,117755000.0
2015-07-27,171.98117065429688,172.61324847935887,171.54038621854954,172.10592886780043,132361100.0
2015-07-28,174.09365844726562,174.23504096722047,171.98953223744314,172.8128782471972,123544800.0
2015-07-29,175.29124450683594,175.51578646845462,174.0769996490559,174.2183821512823,105791300.0
2015-07-30,175.33282470703125,175.4991563105311,174.16847810195645,174.7839189942226,91304400.0
2015-07-31,175.0666961669922,175.8567808562914,174.78393115234425,175.83183174854534,103266900.0
2015-08-03,174.47622680664062,175.09166782096656,173.52812251933818,175.03345745882638,113965700.0
2015-08-04,174.13522338867188,174.8587728706928,173.65285283722847,174.40135142619573,81820800.0
2015-08-05,174.70907592773438,175.74033950870202,174.42629823558653,175.02510217498823,85786800.0
2015-08-06,173.2786102294922,175.00016212666623,172.69643053750892,174.8920408655341,116030800.0
2015-08-07,172.94598388671875,173.27033507281064,172.04777767362754,173.12064038244168,117858000.0
2015-08-10,175.12496948242188,175.20812896868384,174.05210678021535,174.05210678021535,80270700.0
2015-08-11,173.54473876953125,174.21007792633583,172.78791532003746,173.7942425396191,126081400.0
2015-08-12,173.75265502929688,173.93562361316572,170.7919091307483,172.24733297224856,172123700.0
2015-08-13,173.5364227294922,174.2766091935983,172.99582912473872,173.59463308337382,89383300.0
2015-08-14,174.16851806640625,174.24336540161238,173.20377677833594,173.34515930826663,72786500.0
2015-08-17,175.14151000976562,175.14151000976562,173.12055652693192,173.57797789864932,79072600.0
2015-08-18,174.6342315673828,175.21639859111397,174.40136475789032,174.86709837687528,71692700.0
2015-08-19,173.25364685058594,174.65915967808638,172.44692525387063,173.89402415455712,172946000.0
2015-08-20,169.63584899902344,173.22865930104066,169.57762596716128,171.74828668577297,194327900.0
2015-08-21,164.5294952392578,169.6110061679753,164.27167922869947,167.77300745320775,346588500.0
2015-08-24,157.60162353515625,164.23835325792018,151.69675551920068,155.92996972210037,507244300.0
2015-08-25,155.74697875976562,162.5500391349679,155.45588893263704,162.53340216734364,369833100.0
2015-08-26,161.7266387939453,162.00107887075853,156.66175618702252,159.74725909261264,339257000.0
2015-08-27,165.72703552246094,165.85178106006242,162.35045427496829,163.85577631670665,274143900.0
2015-08-28,165.73533630371094,166.20106986589136,164.604263642578,165.08663417206137,160414400.0
2015-08-31,164.3963623046875,165.61060723271672,163.8474565417309,164.7622994799919,163298800.0
2015-09-01,159.48951721191406,161.9845296798491,158.62457244980104,160.61226520831102,256000400.0
2015-09-02,162.5167694091797,162.5583554809262,160.03006952607157,161.8597424703319,160269300.0
2015-09-03,162.63323974609375,164.71241690293388,162.14255698274914,163.2237189520738,152087800.0
2015-09-04,160.1714324951172,161.22765767536018,159.35639888743367,160.38767496572717,207081000.0
2015-09-07,160.1714324951172,161.22765767536018,159.35639888743367,160.38767496572717,207081000.0
2015-09-08,164.19671630859375,164.34642361175145,162.3171453686945,162.9575352677576,116025700.0
2015-09-09,162.001220703125,165.8934483556359,161.63529605024507,165.76870275696035,149347700.0
2015-09-10,162.88267517089844,164.0220597136828,161.5519972729736,161.8098131017539,158611100.0
2015-09-11,163.6229248046875,163.68945999438665,161.78492667383196,162.49185196038175,119691200.0
2015-09-14,163.0157928466797,163.84746366661327,162.53342224828344,163.7975654478636,79452000.0
2015-09-15,165.05340576171875,165.49419030577366,162.97422859531255,163.51480958246202,113806200.0
2015-09-16,166.4838409423828,166.6751343476377,165.01179288461722,165.3527809302056,99581600.0
2015-09-17,166.10955810546875,168.73764013196967,165.73530888992636,166.35074967545955,276046600.0
2015-09-18,163.3951416015625,166.09540058091386,162.98551241261814,163.61250836101726,223657500.0
2015-09-21,164.23944091796875,165.25934219794968,163.19444807397244,164.22271746071192,105726200.0
2015-09-22,162.107666015625,162.56746545525212,160.97906855074584,162.08258720585093,153890900.0
2015-09-23,161.8485107421875,162.74301806055584,161.2716726015401,162.27486326706273,92790600.0
2015-09-24,161.2633819580078,161.7231816211498,159.30715730711387,160.63638589634175,159378800.0
2015-09-25,161.22152709960938,163.01890997892332,160.35208576954818,162.71795148101944,155054800.0
2015-09-28,157.17529296875,160.43567858372123,156.8659791416128,160.32699523634375,178515900.0
2015-09-29,157.2672882080078,158.62160803211773,156.2724526680415,157.39269504230808,159045600.0
2015-09-30,160.20162963867188,160.36882598691992,158.3707996481362,159.14826840780825,163452000.0
2015-10-01,160.61964416503906,160.92060272676466,158.68849870907687,160.5778418844145,131079000.0
2015-10-02,163.01893615722656,163.04401497305727,158.10328415417325,158.64668826178934,211003300.0
2015-10-05,165.91981506347656,166.1455371306783,164.13078749869322,164.23947085628345,126320800.0
2015-10-06,165.351318359375,166.3461536858151,164.69088842969626,165.78603899703404,110274500.0
2015-10-07,166.70565795898438,167.05677410065115,165.09218202151945,166.27929262132514,124307300.0
2015-10-08,168.21046447753906,168.49469955536287,166.02015014140514,166.32110868153157,153055200.0
2015-10-09,168.31080627441406,168.78731659691928,167.68381027998825,168.35260855862902,107069200.0
2015-10-12,168.46963500976562,168.6702655493343,167.95967779458655,168.3860304474352,56395600.0
2015-10-13,167.40785217285156,169.00460428628983,167.24065587049776,167.74224477755916,88038700.0
2015-10-14,166.60536193847656,167.9262349666992,166.31277147570756,167.34939663882656,99106200.0
2015-10-15,169.16346740722656,169.17182275874816,166.89791703121068,167.26575659835083,134142200.0
2015-10-16,169.93260192871094,169.94931263384134,168.80400427550015,169.56476231562704,114580100.0
2015-10-19,170.01614379882812,170.01614379882812,168.979519109551,169.28883289505987,76523900.0
2015-10-20,169.79884338378906,170.40911579695808,169.33068850485043,169.58148940607148,78448500.0
2015-10-21,168.74545288085938,170.36727109148612,168.5782438175122,170.2167982419863,102038000.0
2015-10-22,171.59625244140625,171.80525109802915,168.74552045983185,169.6901857135067,174911700.0
2015-10-23,173.47720336914062,173.84504296738336,172.465657230236,173.25984940484398,144442300.0
2015-10-26,173.0509033203125,173.3602172780584,172.68306361041638,173.30170428217502,69033000.0
2015-10-27,172.7164764404297,173.0508691527118,172.0393101502223,172.38207097188328,77905800.0
2015-10-28,174.68109130859375,174.7061701292783,172.39047397762496,173.05090418276313,135906700.0
2015-10-29,174.5806884765625,174.94852800382648,174.0623761006508,174.17941479057473,90525500.0
2015-10-30,173.8283233642578,175.0906831731745,173.66949513082187,174.77300119377614,131076900.0
2015-11-02,175.88487243652344,176.07714758893806,174.02896373057234,174.15437055226596,86270800.0
2015-11-03,176.39483642578125,176.94659584766845,175.30804104346925,175.5337631262892,95246100.0
2015-11-04,175.85975646972656,176.81278943444195,175.32472064315408,176.6873953955032,96224500.0
2015-11-05,175.6842803955078,176.37815752446753,174.79812805807654,175.9183578900645,78408700.0
2015-11-06,175.5923309326172,175.82642119739063,174.27147045873394,175.34154271369474,110471500.0
2015-11-09,173.9537353515625,175.1324906462806,173.00905749400297,174.98200500452802,131008700.0
2015-11-10,174.3549346923828,174.38838160127546,173.2096268098441,173.47713829969442,75874600.0
2015-11-11,173.6695098876953,174.67270078187678,173.60262879391465,174.62254315060736,67846000.0
2015-11-12,171.2450714111328,173.1009797999663,171.22836070943941,172.63282502733458,121315200.0
2015-11-13,169.32235717773438,171.10302993132922,169.23876536334453,170.83551826650861,153577100.0
2015-11-16,171.89718627929688,171.9557120177363,169.02136313702593,169.13841461390479,117645200.0
2015-11-17,171.7718048095703,173.08430964732463,171.27857107623493,172.2065255564367,121123700.0
2015-11-18,174.4971923828125,174.63930996916028,172.20657477709537,172.24836431240416,121342500.0
2015-11-19,174.3466339111328,174.76463110931041,174.05403076990362,174.38006807423167,88220500.0
2015-11-20,174.98199462890625,175.6591480859818,174.6057996812268,175.0990333405457,94011500.0
2015-11-23,174.7813262939453,175.5420713768007,174.32152689908102,175.0404824738888,64931200.0
2015-11-24,175.01547241210938,175.41674624331006,173.39364086749754,173.7781912351542,98874400.0
2015-11-25,174.99037170410156,175.3414878570116,174.7312026985185,175.14084458837866,51980100.0
2015-11-26,174.99037170410156,175.3414878570116,174.7312026985185,175.14084458837866,51980100.0
2015-11-27,175.1909942626953,175.39163752221893,174.60580070108003,175.08231090258715,37317800.0
2015-11-30,174.4636688232422,175.466859525805,174.35498547207507,175.34982082311038,112822700.0
2015-12-01,176.1273651123047,176.2444166215307,174.81486000814468,175.09073980217593,97858400.0
2015-12-02,174.3299102783203,176.39481745576794,174.0791094084104,176.07713550346458,108441300.0
2015-12-03,171.8888397216797,174.84825481223766,171.1698838993245,174.58074318982835,166224200.0
2015-12-04,175.24114990234375,175.53375305796652,171.88881680030758,171.88881680030758,192913900.0
2015-12-07,174.17941284179688,175.33307627063667,173.21801176879333,174.91507913183347,102027100.0
2015-12-08,173.009033203125,174.12926260313878,172.03092131598504,172.6244829344692,103372400.0
2015-12-09,171.66311645507812,174.4553351681212,170.69335972337288,172.37371691936968,162401500.0
2015-12-10,172.10618591308594,173.41033530936133,171.4959134917548,171.7299909343548,116128900.0
2015-12-11,168.77059936523438,170.65994262982485,168.46127267901218,169.99951248731253,211173300.0
2015-12-14,169.62326049804688,169.74866731316496,167.1570795425392,168.9293963640286,182385200.0
2015-12-15,171.40396118164062,172.30683682436776,169.59820989618638,171.12808145000753,154069600.0
2015-12-16,173.91192626953125,174.21288478499454,171.21166773895928,172.5241724062137,197017000.0
2015-12-17,171.26181030273438,174.28810589586863,171.24508684327307,174.22122481428542,173092500.0
2015-12-18,168.21080017089844,170.65801278641152,168.05101383942815,170.52346735712578,251393500.0
2015-12-21,169.59832763671875,169.77493688840588,168.26959420763754,169.37968017326628,99094300.0
2015-12-22,171.1373291015625,171.43167362109523,169.4974407994575,170.4813737807205,111026200.0
2015-12-23,173.25662231445312,173.298673375871,172.04562360583907,172.13813080808546,110987200.0
2015-12-24,172.9706573486328,173.5172954022791,172.75200982648252,173.00430332569002,48539600.0
2015-12-25,172.9706573486328,173.5172954022791,172.75200982648252,173.00430332569002,48539600.0
2015-12-28,172.57542419433594,172.61746242002613,171.50738891887218,172.28107962141735,65899900.0
2015-12-29,174.41714477539062,174.74512250927899,173.63504896080372,173.66868210922584,92640700.0
2015-12-30,173.180908203125,174.25736137416686,173.03794487413984,174.1732592596198,63317700.0
2015-12-31,171.44850158691406,173.14726410227843,171.44850158691406,172.50813170157173,114877900.0
2016-01-01,171.44850158691406,173.14726410227843,171.44850158691406,172.50813170157173,114877900.0
2016-01-04,169.05172729492188,169.06013237206923,167.0081643163703,168.6060143947127,222353500.0
2016-01-05,169.33767700195312,169.79179504125196,168.23600863297176,169.3713101473091,110845800.0
2016-01-06,167.20166015625,168.24445473490096,166.17567573828563,166.7979853204654,152112600.0
2016-01-07,163.19015502929688,166.04104148766191,162.8033033633864,164.26659510116357,213436100.0
2016-01-08,161.39892578125,164.70394383566386,161.11299912311821,164.14890067657436,209817200.0
2016-01-11,161.55874633789062,162.6520098984036,159.63293069448645,162.31561420091603,187941300.0
2016-01-12,162.86219787597656,163.6106604080713,160.74295060390733,162.9967561099256,172330500.0
2016-01-13,158.80035400390625,163.8714016738215,158.4219201004555,163.52660092153366,221168900.0
2016-01-14,161.40736389160156,162.52585551726517,157.81643127635823,159.40586404289417,240795600.0
2016-01-15,157.94256591796875,158.74148481243708,156.01675035836897,157.06796280692814,324846400.0
2016-01-18,157.94256591796875,158.74148481243708,156.01675035836897,157.06796280692814,324846400.0
2016-01-19,158.15277099609375,159.87676157035148,156.58856672936832,159.75062123923658,195244400.0
2016-01-20,156.1260528564453,157.68185226499943,152.232371043732,155.60465563792062,286547800.0
2016-01-21,157.0006866455078,158.8339950310881,155.27669563076464,156.597024650623,195772900.0
2016-01-22,160.2216033935547,160.42342797516326,158.84241314643424,159.5992809918334,168319600.0
2016-01-25,157.79957580566406,159.91040542483697,157.60615634093995,159.71698596011285,130371700.0
2016-01-26,159.95252990722656,160.23005161384143,158.1192210257058,158.45560397374305,141036800.0
2016-01-27,158.2116241455078,161.09614388163698,157.3117804617866,159.43102756991277,185681700.0
2016-01-28,159.03579711914062,159.952451108321,157.3959085990059,159.75062657180015,143798800.0
2016-01-29,162.91268920898438,163.0472474720097,159.68336788946976,159.80110316157138,210529300.0
2016-02-01,162.8538055419922,163.63591417149198,161.3316521739096,161.91192342078782,136061600.0
2016-02-02,159.91879272460938,161.44094574748755,159.39738281246463,161.4325406705192,182564900.0
2016-02-03,160.8774871826172,161.28114899794912,157.34541742606288,160.96999435198262,205054900.0
2016-02-04,161.1298065185547,162.0969165818912,159.75061666507509,160.38134396695014,139531800.0
2016-02-05,158.060302734375,161.18871203825225,157.42957525911237,160.6168586201288,180788300.0
2016-02-08,155.9326934814453,156.5213700570364,153.72935565615293,156.22703818533432,191526700.0
2016-02-09,155.9410400390625,157.21091278145332,154.06568078343693,154.20023904512558,184513100.0
2016-02-10,155.80648803710938,158.3882588094194,155.68033486002952,156.76519315488096,148214100.0
2016-02-11,153.7797393798828,154.82254655986705,152.29121922888314,153.34243148734998,219058900.0
2016-02-12,156.9501953125,156.9670054690548,154.70480752309757,155.5457773093388,127632400.0
2016-02-15,156.9501953125,156.9670054690548,154.70480752309757,155.5457773093388,127632400.0
2016-02-16,159.59922790527344,159.62445596958304,157.79114819146227,158.74985313176506,120250700.0
2016-02-17,162.20626831054688,162.576297096638,160.6336459696596,160.75979914610784,136009500.0
2016-02-18,161.54190063476562,162.53425176261555,161.23074588649382,162.47537771176306,102343000.0
2016-02-19,161.46624755859375,161.6176160062314,160.16274143113696,160.76824088605645,114793000.0
2016-02-22,163.8041229248047,163.94708627390327,162.97155806950747,163.03883720417437,103640300.0
2016-02-23,161.7353515625,163.41729151053508,161.61760344724144,163.14817495940142,111455300.0
2016-02-24,162.47535705566406,162.75287861972492,159.21240307277986,160.31407141872498,150812200.0
2016-02-25,164.44326782226562,164.4516857348463,162.16424631288385,162.92111417848423,110728300.0
2016-02-26,164.06480407714844,165.40194305175584,163.90501775335608,165.30944868764604,129833700.0
2016-02-29,162.77818298339844,165.02357178269492,162.58476343858044,164.0816893047781,125918100.0
2016-03-01,166.60452270507812,166.68862481548388,163.5265702476255,163.99751126866474,141799700.0
2016-03-02,167.35299682617188,167.4034529630207,165.8812996179015,166.2933794558025,102415000.0
2016-03-03,168.00901794433594,168.02584094058875,166.60459931360353,167.1764528643364,95172200.0
2016-03-04,168.5555877685547,169.3292913545124,167.3782350632835,168.20238195697334,129293600.0
2016-03-07,168.69015502929688,169.0938298345103,167.56325840382064,167.6389426177296,100219000.0
2016-03-08,166.848388671875,168.12666624967974,166.6886152028066,167.62209211288447,123974900.0
2016-03-09,167.6725616455078,168.0173495086141,166.8736300754085,167.65573865661608,94801200.0
2016-03-10,167.80711364746094,169.0938092884853,165.99062857344666,168.16033226714995,156838700.0
2016-03-11,170.5150604248047,170.55711148824372,167.7903260316421,169.25360551473076,137964500.0
2016-03-14,170.29641723632812,170.7505353694644,169.682512757327,170.0104905290874,73612000.0
2016-03-15,170.0188751220703,170.32162478507462,169.07699298480432,169.33769158835602,93169100.0
2016-03-16,171.00279235839844,171.40646709284871,169.49746209507504,169.53951315060283,129303200.0
2016-03-17,172.087646484375,172.59222064220828,170.5234422139494,170.91869902861794,134278500.0
2016-03-18,172.763916015625,173.10203378785332,172.2736362170376,172.5863958012671,138372400.0
2016-03-21,173.00900268554688,173.23723921418915,172.2735896356984,172.50182616434068,72926700.0
2016-03-22,172.9160919189453,173.48244636922675,172.07924578866994,172.2398433714082,97471900.0
2016-03-23,171.77490234375,172.72164239357073,171.6058305648256,172.53567375544654,81052500.0
2016-03-24,171.6987762451172,171.7325957526377,170.53226120291723,170.752036408349,84360900.0
2016-03-25,171.6987762451172,171.7325957526377,170.53226120291723,170.752036408349,84360900.0
2016-03-28,171.80029296875,172.3243794669448,171.3522810464154,172.11305260175422,62408200.0
2016-03-29,173.3894500732422,173.49934416291794,171.09021290922598,171.3945240897095,92922900.0
2016-03-30,174.15023803710938,174.86874160408692,173.78674913986507,174.38692308250992,86365300.0
2016-03-31,173.72756958007812,174.47989260303018,173.56695912039737,174.0572389294983,94584100.0
2016-04-01,174.91099548339844,175.09696413244765,172.4257898082557,172.7385622989475,114423500.0
2016-04-04,174.34458923339844,175.03774724604958,174.0402781617111,174.83486889880376,63497000.0
2016-04-05,172.60330200195312,174.35308142963854,172.34970722882548,173.00904589993777,99662200.0
2016-04-06,174.4883575439453,174.54753525505535,172.42580535820343,172.60332559316583,91839800.0
2016-04-07,172.4004364013672,173.7613817898661,171.6734715435659,173.40635424047946,113859000.0
2016-04-08,172.8653106689453,174.0064804708485,172.3327630416087,173.57536557315186,95040600.0
2016-04-11,172.45956420898438,174.1924464045023,172.36657990878498,173.49928836694986,83757500.0
2016-04-12,174.06570434570312,174.34465734525966,172.18912082022655,172.62868429513696,115350600.0
2016-04-13,175.82394409179688,175.90847999349575,174.84338438490744,174.97863666827863,96336400.0
2016-04-14,175.8323516845703,176.3310927513701,175.4857855241792,175.8830809528281,65212900.0
2016-04-15,175.63792419433594,175.96759347741101,175.31670333961935,175.83234123349203,75761600.0
2016-04-18,176.87208557128906,176.9058921844675,174.97859277418618,175.63793136726323,82531000.0
2016-04-19,177.43002319335938,177.68361800031167,176.61853528915324,177.29478380823682,88316100.0
2016-04-20,177.5990447998047,178.29218998463625,176.99887102293133,177.47224098298489,81100300.0
2016-04-21,176.6438751220703,177.72586748080948,176.37337058320233,177.6159733995986,85695000.0
2016-04-22,176.6438751220703,176.91436676257194,175.74785140921125,176.28884758858086,99251700.0
2016-04-25,176.33956909179688,176.38183703951964,175.4350840243229,176.0437063561041,66166500.0
2016-04-26,176.60165405273438,177.10884374855712,176.12828388243037,176.70308683255104,75864200.0
2016-04-27,176.965087890625,177.35392202438942,175.866185824204,176.22121334134943,77329400.0
2016-04-28,175.3590087890625,177.31166672176528,174.9448164387114,176.2127774753617,97216200.0
2016-04-29,174.41226196289062,175.08851040274934,173.313359860416,174.7419313037964,142424100.0
2016-05-02,175.79852294921875,175.97603022150804,174.47984590447453,174.91094789268305,62188000.0
2016-05-03,174.26856994628906,174.80956614545158,173.52469533555305,174.5728811144659,106422100.0
2016-05-04,173.29641723632812,174.00648505761527,172.7976891046341,173.27952037985165,92243800.0
2016-05-05,173.2625732421875,174.1163286511385,172.8399197509197,173.7613012662769,67619200.0
2016-05-06,173.89657592773438,173.9388438619898,172.34121397469085,172.49336305997522,89315000.0
2016-05-09,174.040283203125,174.47138519285198,173.59227145938036,173.76979163065798,74374900.0
2016-05-10,176.20428466796875,176.22119442364584,174.6742806874843,174.74190681182824,77472200.0
2016-05-11,174.5559844970703,176.28040598098474,174.5559844970703,175.74787107035834,81727000.0
2016-05-12,174.60665893554688,175.39280136466272,173.60074127058297,175.22372960038683,89586300.0
2016-05-13,173.0850830078125,174.86023313720838,172.76387506983315,174.31078866296656,96474600.0
2016-05-16,174.79263305664062,175.26600305543033,173.1950028615428,173.25418056057407,77486800.0
2016-05-17,173.1611785888672,174.80952498741053,172.63707937362392,174.5221236457904,114924900.0
2016-05-18,173.21194458007812,174.38692136473108,172.1299521265143,172.81464906527623,120062100.0
2016-05-19,172.6117401123047,172.89914148543002,171.41140534951788,172.4933976117022,115430500.0
2016-05-20,173.70216369628906,174.21780155234842,173.16961608638888,173.22033244954835,104990400.0
2016-05-23,173.46551513671875,173.99804996000537,173.27954650053434,173.71909700572874,58682600.0
2016-05-24,175.7140350341797,176.02680752513348,174.2516569275828,174.27701511625924,93537800.0
2016-05-25,176.9058837890625,177.32008894643684,175.71399758184626,176.3902458986021,76621400.0
2016-05-26,176.95655822753906,177.26933057771913,176.64379877571974,177.04109408399006,55280700.0
2016-05-27,177.71737670898438,177.72582513692376,177.06648660348105,177.1172029678438,64211200.0
2016-05-30,177.71737670898438,177.72582513692376,177.06648660348105,177.1172029678438,64211200.0
2016-05-31,177.3792266845703,178.09774282996705,176.82132094097014,177.98784878697742,109879400.0
2016-06-01,177.74276733398438,177.92027464165395,176.57623914726463,176.7706562122627,69936200.0
2016-06-02,178.28375244140625,178.30064929932263,176.8720909034982,177.3454608924536,63044700.0
2016-06-03,177.75120544433594,178.09778450843905,176.5508707110088,177.72584725899813,101757100.0
2016-06-06,178.65573120117188,179.0107587753813,177.94566315438522,178.10627363046353,64887000.0
2016-06-07,178.9346466064453,179.4925525310708,178.7824974806562,178.80785566828771,60974800.0
2016-06-08,179.5178985595703,179.64470238750525,178.94309581436713,179.0698867439369,66170900.0
2016-06-09,179.2727813720703,179.39112388317923,178.52045835894236,178.79094999932,73786900.0
2016-06-10,177.57369995117188,178.24148700246033,177.03269092949563,177.9033692622777,113829200.0
2016-06-13,176.20428466796875,177.8272729571306,176.11976168631207,176.97351732172135,117751200.0
2016-06-14,175.85769653320312,176.4494218660545,174.9109566380228,175.8238899219597,125059300.0
2016-06-15,175.61257934570312,176.97352451986433,175.4266107207843,175.85771277035158,109124500.0
2016-06-16,176.1366729736328,176.3057447475261,173.78671977820883,175.61258658998682,149533100.0
2016-06-17,175.480712890625,176.05850485768823,174.82643777990978,176.033014798285,117055700.0
2016-06-20,176.61087036132812,178.10634379195506,176.52589482866182,177.43508375949665,82789600.0
2016-06-21,177.1121368408203,177.5199907459401,176.55132961787942,176.9931789116003,72461700.0
2016-06-22,176.82322692871094,178.0128061271552,176.67876598670478,177.29055327888778,95560500.0
2016-06-23,179.12591552734375,179.1768956408914,177.81737840633824,178.2762123937077,102731400.0
2016-06-24,172.69369506835938,179.15993738952622,172.25184574324885,173.02507882083157,333444400.0
2016-06-27,169.600830078125,171.30023714117056,168.7936013508208,171.29173180796928,230775800.0
2016-06-28,172.65968322753906,172.68517328565127,170.89229906092373,171.1981927237118,159382400.0
2016-06-29,175.59963989257812,175.82905038679863,173.95121385916602,174.05317407881958,137328600.0
2016-06-30,177.99583435058594,178.04681447145046,175.51470240011741,176.0670172955163,165021900.0
2016-07-01,178.36968994140625,178.85402697728696,177.83437278921002,177.99581846783693,106055300.0
2016-07-04,178.36968994140625,178.85402697728696,177.83437278921002,177.99581846783693,106055300.0
2016-07-05,177.0866241455078,177.65592366010577,176.49183457543833,177.54545810943563,109803700.0
2016-07-06,178.14877319335938,178.26773112085175,175.93953972228192,176.59381480621082,96021500.0
2016-07-07,178.03831481933594,178.989978277703,177.27358710678274,178.32721080270562,85593800.0
2016-07-08,180.6894073486328,180.93582857417718,179.10046627566044,179.329889804336,133971000.0
2016-07-11,181.32669067382812,181.89600333096453,180.9443267573715,181.14826023002234,73633900.0
2016-07-12,182.6436767578125,182.94107802574163,181.35212442959033,182.28680301556167,101275600.0
2016-07-13,182.61825561523438,183.0685973860235,182.1339314127864,183.0601050194701,87324100.0
2016-07-14,183.63790893554688,184.10524843496805,183.24705260180986,183.87582486880748,91230900.0
2016-07-15,183.39138793945312,184.394031189854,182.94953877829846,184.19860314307783,107155400.0
2016-07-18,183.88429260253906,184.0457383025507,183.25550749866315,183.51042107944764,58725900.0
2016-07-19,183.6973419189453,183.73132434308258,183.22151018837002,183.4679184183314,54345700.0
2016-07-20,184.46202087402344,184.6999366764217,183.6972933613775,183.6972933613775,58159500.0
2016-07-21,183.76531982421875,184.57253529366417,183.3234705175606,184.35161712305623,67777300.0
2016-07-22,184.5895233154297,184.6405034317106,183.6208622097674,183.88426812084657,62787500.0
2016-07-25,184.0882110595703,184.436592517276,183.51041905059387,184.38561239477139,55873100.0
2016-07-26,184.1731414794922,184.53001521508753,183.331930767806,183.98620576578415,70080500.0
2016-07-27,183.97775268554688,184.61503012777584,183.21301197560646,184.5470523114183,84083900.0
2016-07-28,184.19017028808594,184.47906627064395,183.32346937496968,183.78230340812408,65035700.0
2016-07-29,184.487548828125,184.844422605039,183.64635098448537,183.92675458751242,79519400.0
2016-08-01,184.3346405029297,184.93792260009536,183.88429878010672,184.54706633314595,73311400.0
2016-08-02,183.1534881591797,184.24110698519948,182.3207828316981,184.08815369990091,92295500.0
2016-08-03,183.68881225585938,183.74829769702245,182.79663436193724,183.0940226714311,53993600.0
2016-08-04,183.88429260253906,184.19867867175537,182.04893037942287,183.79931708712982,46585500.0
2016-08-05,185.38829040527344,185.43077817038306,183.88432465086828,183.88432465086828,71892200.0
2016-08-08,185.27780151367188,185.67716308974096,185.01439557316738,185.57518988034602,39906500.0
2016-08-09,185.38829040527344,185.8811199565648,185.06541191442057,185.34581560560937,51251700.0
2016-08-10,184.9293975830078,185.57516732528734,184.58101617125746,185.49869715161768,57941100.0
2016-08-11,185.7876434326172,186.0340646795433,185.19285364503773,185.45625962486258,72504300.0
2016-08-12,185.6261749267578,185.8386007360844,185.22681336798837,185.48171396682633,61313500.0
2016-08-15,186.16151428222656,186.50989578697508,185.98308382936654,185.99157619578298,49813500.0
2016-08-16,185.2013397216797,185.81311417855213,185.2013397216797,185.74514932313355,53213600.0
2016-08-17,185.54965209960938,185.68560770020883,184.40256075383064,185.23526611798286,75134300.0
2016-08-18,185.96603393554688,186.0000163571197,185.41373206825997,185.5241846624526,52989300.0
2016-08-19,185.69410705566406,185.87255040885023,185.01435495794956,185.49867897584315,75443000.0
2016-08-22,185.6856231689453,185.9150466433893,185.09083357357272,185.45619969450132,61368800.0
2016-08-23,186.0594940185547,186.59481113538277,186.00000857648902,186.29740985593588,53399200.0
2016-08-24,185.10787963867188,186.0085631135221,184.69152033038796,185.91509522657853,71728900.0
2016-08-25,184.9803924560547,185.3967517105413,184.57253853183752,184.72547889137803,69224800.0
2016-08-26,184.6320343017578,186.1869929804055,183.74834852693238,185.16735155854718,122506300.0
2016-08-29,185.54119873046875,185.80460465858852,184.72547792087752,184.7594733108918,70502200.0
2016-08-30,185.2353057861328,185.73662758458175,184.6830038679016,185.45622396033679,58114500.0
2016-08-31,184.70852661132812,185.02291271590997,183.93529341662952,184.90395476022132,85269500.0
2016-09-01,184.71701049804688,185.00590652496516,183.56141342492953,184.70001280074456,97844200.0
2016-09-02,185.54965209960938,185.97450362740292,184.9803526082188,185.56664979104423,79293900.0
2016-09-05,185.54965209960938,185.97450362740292,184.9803526082188,185.56664979104423,79293900.0
2016-09-06,186.11053466796875,186.18700486226328,185.11638324580503,185.83013099011055,56702100.0
2016-09-07,186.09349060058594,186.2719339749219,185.49020859754495,185.94904261442906,76554900.0
2016-09-08,185.66867065429688,186.03404982957287,185.36277693575295,185.76213853955875,74102900.0
2016-09-09,181.22471618652344,184.41110351580465,181.19922612512465,184.36012339300706,221589100.0
2016-09-12,183.82479858398438,184.22416015000306,180.40049551271633,180.4684733287879,168110900.0
2016-09-13,181.18218994140625,182.81361835158876,180.56191030339323,182.55021246279313,182828800.0
2016-09-14,181.11424255371094,182.43128518431683,180.56194062738072,181.23320049009482,134185500.0
2016-09-15,182.9241180419922,183.30648191855082,180.77436981654438,180.95281320717464,134427900.0
2016-09-16,182.21697998046875,182.49026474179965,181.53379413901084,182.31091998830942,155236400.0
2016-09-19,182.25119018554688,183.5065646640157,181.92666771246473,182.86606801299845,80250500.0
2016-09-20,182.25967407226562,183.25884700248145,182.2255199941184,183.1051341044178,69665300.0
2016-09-21,184.30931091308594,184.4886426667215,182.27679749897058,182.95999648976823,110284400.0
2016-09-22,185.47067260742188,185.76957614193233,185.0693068490098,185.31695972517036,76678700.0
2016-09-23,184.4544677734375,185.21452314433975,184.36052775991317,185.077880755407,73630900.0
2016-09-26,182.9599609375,183.80540795937068,182.7635326328194,183.6260762405824,89827300.0
2016-09-27,184.0957794189453,184.18970639548482,182.43047810181935,182.79770286955798,78494800.0
2016-09-28,185.00955200195312,185.1632779409555,183.36134723219996,184.31781785377962,87411000.0
2016-09-29,183.33570861816406,185.20596044958225,182.78915213586723,184.80458160763706,128070600.0
2016-09-30,184.71920776367188,185.41947721610654,183.9164500021247,184.16410293469733,117202900.0
2016-10-03,184.27513122558594,184.49716534430019,183.6431699217955,184.3092983398103,83512100.0
2016-10-04,183.33570861816406,184.60816633315358,182.74646279471364,184.3861322416042,119948100.0
2016-10-05,184.14707946777344,184.57407727721062,183.89087817592335,183.95919938914597,72816000.0
2016-10-06,184.27513122558594,184.49716534430019,183.3869817197929,183.9249899749344,62927400.0
2016-10-07,183.64312744140625,184.71916976465073,182.91723931875157,184.5483733258457,89788300.0
2016-10-10,184.59967041015625,185.0608222465507,184.45449273886658,184.59967041015625,51855000.0
2016-10-11,182.2682342529297,184.24097459765528,181.54234597238792,184.1726534010862,130367400.0
2016-10-12,182.50738525390625,183.0283230336126,181.90957797517578,182.4048969321865,73866100.0
2016-10-13,181.90956115722656,182.40488006844393,180.3723798138563,181.18367286306528,101357000.0
2016-10-14,182.00352478027344,183.3443040289851,181.92666830932427,182.8831391414146,93346200.0
2016-10-17,181.37156677246094,182.23409752829875,181.19222198551714,181.97789627449495,58275700.0
2016-10-18,182.50738525390625,183.01977473875587,182.13162514645416,182.9600018294452,76869700.0
2016-10-19,182.99415588378906,183.30159478701952,182.41344519487444,182.7721217434871,66519200.0
2016-10-20,182.65257263183594,183.20766452765346,181.9949924088527,182.64402433652498,73639800.0
2016-10-21,182.73793029785156,182.82333504941005,181.69605487732855,182.65253857722863,89089100.0
2016-10-24,183.51507568359375,183.88230049108293,183.16493443320397,183.60901570123647,60146600.0
2016-10-25,182.90023803710938,183.5919723955297,182.73797678643027,183.3357711066121,66542300.0
2016-10-26,182.53297424316406,183.11368483726895,181.84122705063066,182.08035774160138,75705500.0
2016-10-27,182.0461883544922,183.2844790136868,181.9693318999274,183.25032493308078,77220200.0
2016-10-28,181.5081787109375,182.69523180962065,180.79937398784872,182.0205811693207,140623200.0
2016-10-31,181.51670837402344,182.0632648590971,181.3544471778253,181.84121773548517,61272500.0
2016-11-01,180.20155334472656,181.89247351279658,178.9974298098665,181.84122284602958,122781800.0
2016-11-02,179.11700439453125,180.27843868899564,178.68145838977213,179.89413032457617,103330800.0
2016-11-03,178.29714965820312,179.5439886134976,178.02387791994784,179.3304897741683,88939300.0
2016-11-04,178.1007537841797,179.24510456027213,177.95557612132646,178.4081926675561,109122100.0
2016-11-07,182.02911376953125,182.06328088275612,178.10074275948946,178.10074275948946,109794900.0
2016-11-08,182.8489532470703,183.4125933311949,181.37154487286696,181.6362813584885,106772100.0
2016-11-09,184.7875518798828,185.40242968708276,181.33740273604562,181.3630215587675,258429000.0
2016-11-10,185.24864196777344,186.4356948049575,183.79685269675403,185.57316432198863,172113300.0
2016-11-11,184.82164001464844,185.06075762868406,183.8822531112036,184.53128477345274,100552700.0
2016-11-14,184.96685791015625,185.5475815499278,184.2238860926938,185.3426179657257,94580000.0
2016-11-15,186.4101104736328,186.4101104736328,185.1462009601001,185.35115151146815,91652600.0
2016-11-16,186.0599365234375,186.29051888411604,185.675641276262,185.7952000871818,65617700.0
2016-11-17,187.01646423339844,187.07623713751602,186.10268286685348,186.2137064428469,69797200.0
2016-11-18,186.59796142578125,187.25554141447853,186.41861669034262,187.0847449713052,86265800.0
2016-11-21,188.00709533691406,188.03271415824327,187.0250057701305,187.17018343464147,72402600.0
2016-11-22,188.374267578125,188.5535992773708,187.64836642726124,188.31448165775444,67429000.0
2016-11-23,188.476806640625,188.52804428632663,187.66551351149542,187.86192883033078,56620200.0
2016-11-24,188.476806640625,188.52804428632663,187.66551351149542,187.86192883033078,56620200.0
2016-11-25,189.17703247070312,189.21118654728056,188.74148655100663,188.81835602743942,37872300.0
2016-11-28,188.28892517089844,189.1429206753413,188.1864498802652,188.86964889000694,76572500.0
2016-11-29,188.6561279296875,189.10874445158365,188.02416663924018,188.32307024318024,69886700.0
2016-11-30,188.20352172851562,189.4332772633448,188.14373579207478,189.27101604264698,113291800.0
2016-12-01,187.51177978515625,188.502404564412,187.15309024313768,188.502404564412,79040500.0
2016-12-02,187.60574340820312,188.09252714533665,187.2470668270756,187.59720814351144,74840300.0
2016-12-05,188.73301696777344,189.0746099761544,188.23769798396447,188.4341133122366,67837800.0
2016-12-06,189.33079528808594,189.36496240460667,188.4426457226001,188.9208811063953,59877400.0
2016-12-07,191.80740356445312,191.86717647618667,189.0575368822021,189.17709573660701,110738100.0
2016-12-08,192.277099609375,192.74679978452545,191.51704406447283,191.7817936402401,99714400.0
2016-12-09,193.4384765625,193.45556011767826,192.46492241229177,192.4990895226483,88005800.0
2016-12-12,193.21644592285156,193.82278834864064,192.79798351457825,193.34454001164195,102016100.0
2016-12-13,194.50599670410156,195.00131562296514,193.85696486090256,193.87404841836303,110477500.0
2016-12-14,192.90054321289062,194.90742518869126,192.46499708792936,194.20715552589525,142501800.0
2016-12-15,193.6947021484375,194.54869758176667,192.90902791348702,193.139610329148,124972600.0
2016-12-16,193.31588745117188,194.20928498412835,192.9980509040442,194.1491466602162,156420200.0
2016-12-19,193.73681640625,194.15774535043042,193.35025596366214,193.49628932607342,90341100.0
2016-12-20,194.48414611816406,194.6301925722848,194.03746050844165,194.26938888388705,89838800.0
2016-12-21,193.94297790527344,194.52711132423568,193.94297790527344,194.35530814852572,67909000.0
2016-12-22,193.60794067382812,193.91719160692546,193.2127816063045,193.79692808337322,56219100.0
2016-12-23,193.89141845703125,193.90000402722998,193.4619040077609,193.65087830631836,36697800.0
2016-12-26,193.89141845703125,193.90000402722998,193.4619040077609,193.65087830631836,36697800.0
2016-12-27,194.37249755859375,194.7676435624427,194.14055605596963,194.15774030631945,42672500.0
2016-12-28,192.76611328125,194.64738899510348,192.65444841818655,194.63021785170486,64095000.0
2016-12-29,192.72311401367188,193.1869837922266,192.28500094242335,192.8347788429552,48696100.0
2016-12-30,192.01870727539062,193.13544734077695,191.33148161148063,193.04953921738596,108998300.0
2017-01-02,192.01870727539062,193.13544734077695,191.33148161148063,193.04953921738596,108998300.0
2017-01-03,193.4877166748047,193.99454069132435,192.3194365897589,193.31590037085448,91366500.0
2017-01-04,194.63876342773438,194.78479676307333,193.80550437311655,193.81408994305164,78744400.0
2017-01-05,194.48414611816406,194.638778142869,193.69384106895362,194.37248126960412,78379000.0
2017-01-06,195.17994689941406,195.6438167017955,194.05460811776294,194.59580047699106,71559900.0
2017-01-09,194.5356903076172,195.05969846051255,194.5013218113095,194.92225069076343,46939700.0
2017-01-10,194.5356903076172,195.38612052899077,194.14911681673016,194.55286144803023,63771900.0
2017-01-11,195.08551025390625,195.08551025390625,193.78836794788157,194.44982401284642,74650000.0
2017-01-12,194.59584045410156,194.7848278847922,193.2471717253465,194.57007063243853,72113200.0
2017-01-13,195.04251098632812,195.34316323147314,194.73326006337803,194.76761545137668,62717900.0
2017-01-16,195.04251098632812,195.34316323147314,194.73326006337803,194.76761545137668,62717900.0
2017-01-17,194.35531616210938,194.81060049499678,193.96875572388794,194.4068558061732,61240800.0
2017-01-18,194.78480529785156,194.8277593648899,194.05462548142256,194.6044034593869,54793300.0
2017-01-19,194.06320190429688,194.99954016274512,193.63368749865208,194.86209240708132,66608800.0
2017-01-20,194.77622985839844,195.26586954642843,194.1147738932784,194.74186135988379,129168600.0
2017-01-23,194.26937866210938,194.83634087662702,193.51344215049315,194.77621567021853,75061600.0
2017-01-24,195.51498413085938,195.92731433532342,194.37247411363907,194.48413895808795,95555300.0
2017-01-25,197.207275390625,197.207275390625,196.29669372522488,196.45991131720925,84437700.0
2017-01-26,197.00111389160156,197.32754909240646,196.72621833139917,197.06123910305723,59970700.0
2017-01-27,196.69180297851562,197.22439657936877,196.51140118366078,197.07836327293285,59711100.0
2017-01-30,195.4720458984375,196.0304094891354,194.49275339116883,196.00463966850268,79737300.0
2017-01-31,195.45484924316406,195.514987559318,194.41543158963867,194.98238071531566,75880800.0
2017-02-01,195.5321502685547,196.36540933417217,194.94801691948786,195.4548408148971,79117700.0
2017-02-02,195.66098022460938,195.9444612823822,194.8449055413025,195.53211804867354,69657600.0
2017-02-03,197.00967407226562,197.19007589886635,196.25373759461604,196.56298850611725,80563200.0
2017-02-06,196.657470703125,197.00109011190023,196.32244997190676,196.60593106874376,57790100.0
2017-02-07,196.6660614013672,197.284563204328,196.47707401114363,197.0440361818143,57931200.0
2017-02-08,196.92384338378906,197.05269251078272,196.12493947319538,196.6661320220574,51566200.0
2017-02-09,198.0920867919922,198.39273906846634,196.92380686219033,196.92380686219033,65955200.0
2017-02-10,198.873779296875,199.09713520362143,198.10924408720365,198.43567926922321,66015900.0
2017-02-13,199.95614624023438,200.21385751311638,199.33764442841354,199.36341424492775,55182100.0
2017-02-14,200.75509643554688,200.76369511543385,199.43219739958258,199.77580379372446,71109000.0
2017-02-15,201.80307006835938,201.99205747727612,200.48875688400074,200.54029652138877,86785800.0
2017-02-16,201.6312713623047,202.0092461884885,200.88392038818566,201.82884434590395,84722400.0
2017-02-17,201.94908142089844,201.94908142089844,200.9526048474284,200.96978909393363,77204100.0
2017-02-20,201.94908142089844,201.94908142089844,200.9526048474284,200.96978909393363,77204100.0
2017-02-21,203.15176391601562,203.32356708684515,202.30990609578996,202.31850477436353,88946100.0
2017-02-22,202.97140502929688,203.1947478878758,202.58484453617226,202.748062170718,62115200.0
2017-02-23,203.10877990722656,203.50392583111403,202.35283033771688,203.4867546919814,74615900.0
2017-02-24,203.3665313720703,203.40947233612843,202.2240212224374,202.26697529423788,82381600.0
2017-02-27,203.68434143066406,203.85614458778943,203.03148419049145,203.2805968021621,56515400.0
2017-02-28,203.1345977783203,203.54692804662338,202.74803733255226,203.30640096446803,96961900.0
2017-03-01,205.9779815673828,206.44186458797842,204.76674747862452,204.78393172954287,149158200.0
2017-03-02,204.68087768554688,205.79761819361104,204.6293380341776,205.78901951321984,70246000.0
2017-03-03,204.80970764160156,204.9729252608217,204.21697549085192,204.59495037583682,81974300.0
2017-03-06,204.19972229003906,204.55191410248102,203.5983917013463,204.01932049188363,55391500.0
2017-03-07,203.58984375,204.25129965513565,203.38367210083368,203.89909466987922,65103700.0
2017-03-08,203.21188354492188,204.1396363712053,203.07443576893735,203.88192506816966,78168800.0
2017-03-09,203.46958923339844,203.79602441541863,202.50748104353806,203.33214146120667,90683900.0
2017-03-10,204.18264770507812,204.4661289071488,203.23771036484257,204.42317482663898,81991700.0
2017-03-13,204.28565979003906,204.32861385641445,203.7960201350338,204.12244220245708,57256800.0
2017-03-14,203.50393676757812,203.79601654914697,202.89403360209778,203.74446380575915,59880800.0
2017-03-15,205.26495361328125,205.68588249425696,203.83896248939536,204.07090396321794,96081800.0
2017-03-16,204.8612060546875,205.47970790422042,204.53478398969114,205.40239844996398,78344000.0
2017-03-17,204.50144958496094,205.3124518330771,204.50144958496094,205.12264223608113,89002100.0
2017-03-20,204.2771453857422,204.7861742556055,203.88890325050352,204.501459845826,52537000.0
2017-03-21,201.65426635742188,205.00180219967143,201.5248567407422,204.88101550251616,131809300.0
2017-03-22,202.12887573242188,202.41359017432166,201.0676769324451,201.688869684814,97569200.0
2017-03-23,201.9131622314453,203.04338378830042,201.5421791038283,202.12885377022735,100410300.0
2017-03-24,201.76651000976562,202.78456783670524,200.99002567276995,202.2151521331334,112504900.0
2017-03-27,201.5594024658203,201.81823491644124,199.82524742676122,200.10132571992898,87454500.0
2017-03-28,203.02610778808594,203.44885471585678,201.14527100359123,201.25743479982341,93483900.0
2017-03-29,203.21591186523438,203.44886238743723,202.51707346339117,202.74140106431437,61950400.0
2017-03-30,203.86297607421875,204.0614217364768,202.98296421676207,203.1555147869635,56737900.0
2017-03-31,203.38848876953125,204.0528091997113,203.3367117442073,203.52652134276335,73733100.0
2017-04-03,203.03469848632812,203.63863197641382,201.80957250222207,203.44019950783482,85546500.0
2017-04-04,203.16416931152344,203.25045119242827,202.3704260333124,202.75004524566697,56466200.0
2017-04-05,202.56021118164062,204.81203108779033,202.35314259133125,203.83710124330236,108800600.0
2017-04-06,203.12965393066406,203.64730569496527,202.25825173889314,202.69827087803006,69135800.0
2017-04-07,202.9225616455078,203.61277708212893,202.43941478930236,202.87942071232564,74412300.0
2017-04-10,203.04335021972656,203.83709337144512,202.51706242551742,203.06060922611044,67615300.0
2017-04-11,202.80181884765625,202.90534657790053,201.317859945241,202.6637730974857,88045300.0
2017-04-12,201.9131622314453,202.71554160139317,201.68884777042805,202.52573199408363,81864400.0
2017-04-13,200.6017303466797,202.31001661112745,200.6017303466797,201.57666019979496,92880400.0
2017-04-14,200.6017303466797,202.31001661112745,200.6017303466797,201.57666019979496,92880400.0
2017-04-17,202.37901306152344,202.37901306152344,200.92093651514458,201.11936899540362,68405400.0
2017-04-18,201.77508544921875,202.3100093351554,201.09350608400823,201.64567581176254,83225800.0
2017-04-19,201.40408325195312,202.70685508276267,201.17975568197974,202.33587204744288,68699900.0
2017-04-20,203.04335021972656,203.48336931154554,201.69743734660534,202.01665655850178,92572200.0
2017-04-21,202.39627075195312,203.01746331890843,201.99940576819876,202.96569946578953,110389800.0
2017-04-24,204.62225341796875,204.8293220405731,202.3704331606191,204.63087634045624,119209900.0
2017-04-25,205.81288146972656,206.15798268688266,205.17442973674346,205.26071162341628,76698300.0
2017-04-26,205.68341064453125,206.65834044441524,205.64028287602605,205.77831543181875,84702500.0
2017-04-27,205.85597229003906,206.1579324903357,205.32104841949567,206.00264092985702,57410300.0
2017-04-28,205.40740966796875,206.14075315047035,205.27798681945472,206.11487121372144,63532800.0
2017-05-01,205.92501831054688,206.3477784632554,205.51089424478687,205.92501831054688,66882500.0
2017-05-02,206.00265502929688,206.18382852892205,205.59715392949636,206.06304180758352,57375700.0
2017-05-03,205.75244140625,206.09755572089628,205.07948494864596,206.00265092996418,73137700.0
2017-05-04,205.9940185546875,206.13206428303263,205.1485115069127,206.05441849762545,61462700.0
2017-05-05,206.80503845214844,206.82229746086,205.9250133145879,206.36503246575137,62001300.0
2017-05-08,206.77056884765625,206.99488334007998,206.34780863313645,206.84821465294502,48385700.0
2017-05-09,206.58070373535156,207.22777826851956,206.23558941880293,207.02934576448226,51363200.0
2017-05-10,206.95169067382812,206.95169067382812,206.3304980572237,206.53756665101363,54293800.0
2017-05-11,206.52891540527344,206.6928430406129,205.45045797779125,206.50303348019494,62358300.0
2017-05-12,206.183837890625,206.57208000078649,205.91638250728633,206.27874268775477,53912700.0
2017-05-15,207.3226776123047,207.4434643287316,206.58932122807815,206.60658023464333,61918900.0
2017-05-16,207.13290405273438,207.64193293442258,206.7446619084767,207.61605100245654,51241800.0
2017-05-17,203.45745849609375,207.13283644812873,203.39705856470846,207.13283644812873,172174100.0
2017-05-18,204.2771453857422,205.12265252811457,203.12102873745883,203.37986121587352,107047700.0
2017-05-19,205.6057586669922,206.27009215798319,204.70848783994123,204.76025169239898,115011400.0
2017-05-22,206.64974975585938,206.81367742899408,206.0458160901787,206.1148257964566,61010600.0
2017-05-23,207.10702514648438,207.27095282784222,206.64112403475502,207.02074326215902,48341700.0
2017-05-24,207.59011840820312,207.69364611080138,207.00343070903068,207.33992207200268,46927700.0
2017-05-25,208.5823516845703,208.85844318754206,207.89214925667585,208.09920471913722,64071700.0
2017-05-26,208.53916931152344,208.70308378813723,208.31484173289525,208.39248751099086,46629900.0
2017-05-29,208.53916931152344,208.70308378813723,208.31484173289525,208.39248751099086,46629900.0
2017-05-30,208.35801696777344,208.6082133488608,208.0646796479424,208.21997122970018,35201900.0
2017-05-31,208.30630493164062,208.68592422340433,207.616089234322,208.6514061979152,91796000.0
2017-06-01,209.96275329589844,209.98001230359506,208.47879458836476,208.76350897391356,68962000.0
2017-06-02,210.66159057617188,210.81689531507217,209.7211787156477,210.0145160210793,88666100.0
2017-06-05,210.50633239746094,210.77378781630009,210.30788669045262,210.48907338711942,44698800.0
2017-06-06,209.83334350585938,210.49766390691767,209.75568455366084,209.9454941438962,50375400.0
2017-06-07,210.2215576171875,210.44587202815976,209.50546028842197,210.16979376579113,54144300.0
2017-06-08,210.3251190185547,210.7996430069901,209.79883117042922,210.31649609686164,65950700.0
2017-06-09,210.00587463378906,211.38629233108014,208.74623048480618,210.5925491930658,132256400.0
2017-06-12,209.96275329589844,210.01451715422266,209.11724622548317,209.76432078406708,86108100.0
2017-06-13,210.9894256591797,211.04118951225954,210.1525415950174,210.49764272539258,60067000.0
2017-06-14,210.72201538085938,211.26554911922136,209.9023769825641,211.25692619678506,78602300.0
2017-06-15,210.3165283203125,210.43731506635083,209.10002477214698,209.37610312104835,66464900.0
2017-06-16,210.3624267578125,210.52715382162995,209.48678837995016,210.4751375338906,84553100.0
2017-06-19,212.11373901367188,212.17442027941766,211.09070340784731,211.18607102170412,65123800.0
2017-06-20,210.6832275390625,211.76694442469216,210.66589759374787,211.75827945203483,56906400.0
2017-06-21,210.63121032714844,211.1860728410138,210.1630504553419,211.07337528109633,55977600.0
2017-06-22,210.53582763671875,211.1340414287775,210.36243559398292,210.63987344553215,44148100.0
2017-06-23,210.78726196289062,211.1167028826192,210.21505630325362,210.59652674301162,66986800.0
2017-06-26,210.92593383789062,211.87094481355123,210.71786870699975,211.45478809384338,56700500.0
2017-06-27,209.22671508789062,211.0040133980266,209.2093719138842,210.7092323557802,82247700.0
2017-06-28,211.09938049316406,211.29878069236827,210.00698542585917,210.24107197299102,70042600.0
2017-06-29,209.24404907226562,211.29877193143605,208.0389564965759,211.24675564066692,106949700.0
2017-06-30,209.63417053222656,210.42311950029898,209.44343532612194,210.05031405965292,86820700.0
2017-07-03,209.9896697998047,211.00402726792302,209.9896697998047,210.57054049202802,39153800.0
2017-07-04,209.9896697998047,211.00402726792302,209.9896697998047,210.57054049202802,39153800.0
2017-07-05,210.4751434326172,210.68320858940575,209.54747551205259,210.35376768150232,54427600.0
2017-07-06,208.55047607421875,209.83359313782432,208.36840582021688,209.71221737814497,65400800.0
2017-07-07,209.90296936035156,210.05035327822975,208.55915769515238,209.12269844712193,57972300.0
2017-07-10,210.12838745117188,210.50119297868272,209.59953302537784,209.9029790773293,36663300.0
2017-07-11,209.97230529785156,210.28441627395364,208.81056403140255,210.12835417142,50354600.0
2017-07-12,211.5502166748047,211.71494377022336,210.93467284651766,210.93467284651766,59610400.0
2017-07-13,211.90562438964844,212.01833515829446,211.33341880431792,211.55884034161,39471600.0
2017-07-14,212.8939666748047,213.24942891151053,211.81025002311347,211.9056176176208,60262700.0
2017-07-17,212.86795043945312,213.19740452230835,212.69455842756813,212.81593415878388,33531900.0
2017-07-18,212.98072814941406,213.03274444643432,212.12241956167986,212.46053872127817,42742500.0
2017-07-19,214.1337890625,214.14245403505353,213.2841455094894,213.29282371100865,51034300.0
2017-07-20,214.22918701171875,214.5066116913381,213.68298939729297,214.3852359135732,47135200.0
2017-07-21,214.03839111328125,214.06439925622144,213.43149916744,213.65692071154007,82340800.0
2017-07-24,213.9864044189453,214.12511012415288,213.518231323352,213.96038304344285,46622300.0
2017-07-25,214.50660705566406,214.83606125774938,214.28119868153416,214.732015429794,54915600.0
2017-07-26,214.51524353027344,214.82735451474008,214.25516206735588,214.79268139600626,47575400.0
2017-07-27,214.3158416748047,215.00942310480684,212.99803828069716,214.9747499863412,70766600.0
2017-07-28,214.06439208984375,214.1944328001912,213.38815393811012,213.83897055329027,50088400.0
2017-07-31,213.94300842285156,214.5585520676384,213.7349300650426,214.46318447392966,65838700.0
2017-08-01,214.41986083984375,214.57590969699348,213.89967152475035,214.54123658283703,55050400.0
2017-08-02,214.52389526367188,214.66261417942312,213.59622739716988,214.54990340675474,47211200.0
2017-08-03,214.1078338623047,214.4372748773597,213.83039592439624,214.4112667243019,40856000.0
2017-08-04,214.49790954589844,214.8273504690451,214.11643910218257,214.5932771568274,60191800.0
2017-08-07,214.89669799804688,214.89669799804688,214.46321128680444,214.56725709319855,31995000.0
2017-08-08,214.3678436279297,215.7983577120531,213.9950514062568,214.58458698349708,61719400.0
2017-08-09,214.3591766357422,214.41119292395376,213.32747615633122,213.68293843106287,62632600.0
2017-08-10,211.3334197998047,213.65691526529,211.28140351525025,213.52686132494037,120479500.0
2017-08-11,211.6455841064453,212.23513301430953,211.324808118161,211.55889468664876,74869900.0
2017-08-14,213.74368286132812,213.96042627890952,212.88538739424553,212.92006052031246,73291900.0
2017-08-15,213.71763610839844,214.14245789255634,213.41420331597075,214.12511471817118,55242700.0
2017-08-16,214.09043884277344,214.63663638266544,213.66561706408348,214.2378227507355,56715500.0
2017-08-17,210.75254821777344,213.79563313907357,210.75254821777344,213.48352220429825,128490400.0
2017-08-18,210.42311096191406,211.70622783630915,209.98094607981142,210.58782478871694,136748000.0
2017-08-21,210.587890625,210.8479853612628,209.66023571472303,210.3624822423551,65469700.0
2017-08-22,212.78993225097656,212.9459810975549,211.1513532170895,211.16869638747474,63140100.0
2017-08-23,212.02703857421875,212.4518603547137,211.68025446330125,211.8276383718895,50203800.0
2017-08-24,211.53286743164062,212.56455477652642,211.32478903078268,212.4085058976072,50741700.0
2017-08-25,212.02703857421875,212.93736340158452,211.8796546656305,212.32180639139523,64445900.0
2017-08-28,212.03570556640625,212.58188985077862,211.61954878054664,212.55588170528304,40565600.0
2017-08-29,212.27845764160156,212.53853909724913,210.6138569516661,210.72656773509016,51135700.0
2017-08-30,213.28411865234375,213.552891515247,212.07902617086643,212.2610964032894,62030800.0
2017-08-31,214.56724548339844,214.80999697024225,213.31880170593672,213.89967228009607,103803900.0
2017-09-01,214.87074279785156,215.29556464197248,214.72335886718946,214.94010227621627,62007000.0
2017-09-04,214.87074279785156,215.29556464197248,214.72335886718946,214.94010227621627,62007000.0
2017-09-05,213.3275146484375,214.59330188215944,212.36517345598844,214.3678802872824,91398800.0
2017-09-06,214.05577087402344,214.3852250665595,213.47490016489778,214.00375457603712,57916900.0
2017-09-07,214.0297088623047,214.37650614321683,213.6222303253352,214.35916297193032,58034700.0
2017-09-08,213.77835083007812,214.23784577751377,213.5355992815826,213.74366447802606,63832800.0
2017-09-11,216.05848693847656,216.13651138400766,215.026786284343,215.04411623070544,71364800.0
2017-09-12,216.78671264648438,216.82138576355234,216.24051514266796,216.4225853869284,56896000.0
2017-09-13,216.8907470703125,216.92543341664026,216.38790088028037,216.50061166239803,59228000.0
2017-09-14,216.8213653564453,217.0207787549535,216.39655687476187,216.56994890171208,95446300.0
2017-09-15,217.11328125,217.20040087831916,216.57309435272185,216.67764322455182,95432400.0
2017-09-18,217.57508850097656,217.92359365475687,217.19172485504657,217.47924758949407,46235200.0
2017-09-19,217.7928924560547,217.8800253857725,217.47052454641207,217.81902967604634,47108100.0
2017-09-20,217.8712158203125,217.98448592411748,216.87796197930612,217.87993708652095,59574100.0
2017-09-21,217.28750610351562,217.80155571731015,217.1132535744719,217.71443610009618,48211400.0
2017-09-22,217.33108520507812,217.49662977041757,216.96515088440927,216.99128810055586,51214000.0
2017-09-25,216.88670349121094,217.4269035897625,216.14612695268764,217.0783852528558,57064400.0
2017-09-26,217.01748657226562,217.55767358459096,216.78223826592833,217.3137173019524,54082000.0
2017-09-27,217.86256408691406,218.24592764987884,216.83445150490712,217.7144487638807,81001400.0
2017-09-28,218.1239471435547,218.20235879113042,217.4966273737161,217.58374699503923,44778800.0
2017-09-29,218.89065551757812,218.96908045781802,217.93225993918287,218.11522044563844,85578000.0
2017-10-02,219.84036254882812,219.84036254882812,218.94293605473234,219.11720188713397,59023000.0
2017-10-03,220.31085205078125,220.33698926746806,219.76194391112475,219.84036885580198,66810200.0
2017-10-04,220.57225036621094,220.81620659924897,220.04947941277652,220.16274955476476,55953600.0
2017-10-05,221.87916564941406,221.89658159856938,220.60709674633964,220.903327417392,63522800.0
2017-10-06,221.62652587890625,221.91404862433316,221.17347182061528,221.4348440486216,80646000.0
2017-10-09,221.26055908203125,221.91401614564896,220.99917359766056,221.85303373291265,35803100.0
2017-10-10,221.84429931640625,222.2189549238786,221.28668318694972,221.82688336786683,43057400.0
2017-10-11,222.19284057617188,222.19284057617188,221.58294994908832,221.74848124495355,47674300.0
2017-10-12,221.86170959472656,222.22764390203182,221.62646136338174,221.8791388363933,47065100.0
2017-10-13,222.1317901611328,222.41060483320288,221.86169675669953,222.2973347108475,54800400.0
2017-10-16,222.4280548095703,222.61973660229094,222.01856730106783,222.35836442550584,38221700.0
2017-10-17,222.5848846435547,222.62845110323354,222.15795461008904,222.37577361386636,31561000.0
2017-10-18,222.80274963378906,223.0031394361319,222.61106780733255,222.95957296746096,40888300.0
2017-10-19,222.8636932373047,222.89855172401792,221.60906690259324,222.02727568083037,61903800.0
2017-10-20,224.01376342773438,224.03992723384582,222.8462700530953,223.65656366015176,89176400.0
2017-10-23,223.1425018310547,224.36230960211688,223.06409017535535,224.33617238355043,63915300.0
2017-10-24,223.5345458984375,223.76978082259956,223.17731958374134,223.56940437990878,66935900.0
2017-10-25,222.4280548095703,223.3167600944917,221.30411456554228,223.2034899548066,103715300.0
2017-10-26,222.715576171875,223.30803749521493,222.59359805856283,223.03795734568504,69798000.0
2017-10-27,224.53652954101562,224.6933794281526,222.72428716813948,223.45615581425676,85562500.0
2017-10-30,223.70013427734375,224.44072426563199,223.40390359987563,223.45617803770907,54285700.0
2017-10-31,224.04861450195312,224.3012919829008,223.75238385739476,224.07475171796614,60304800.0
2017-11-01,224.34483337402344,225.16383488509774,223.9789123690431,224.82405109475886,54202700.0
2017-11-02,224.43197631835938,224.57138366575603,223.2121952651795,224.27515302350042,56449500.0
2017-11-03,225.18125915527344,225.22481231306583,224.1792706337544,224.5887713560746,59589700.0
2017-11-06,225.5298309326172,225.66051703390133,224.9809227179865,225.0506131089256,49652600.0
2017-11-07,225.3729705810547,225.96543186902304,224.86761562013888,225.6343427406781,57502200.0
2017-11-08,225.75631713867188,225.8521713274261,224.9198996031262,225.1987143113861,50469600.0
2017-11-09,224.93731689453125,225.12899866129203,223.36028301072648,224.5539533610097,95085500.0
2017-11-10,224.86764526367188,225.04191111921565,224.24032540864536,224.55399863077685,59984700.0
2017-11-13,225.07669067382812,225.30323091550224,224.15314035055243,224.1879988314016,50228600.0
2017-11-14,224.55398559570312,224.6585344672659,223.49972243256397,224.27517087871254,61315200.0
2017-11-15,223.43003845214844,224.10963272602055,222.72430695963646,223.5868617639876,80811500.0
2017-11-16,225.32937622070312,225.69532380968525,224.32741422145776,224.37096738216056,67777000.0
2017-11-17,224.66722106933594,225.30326213412084,224.58880941848312,224.9808942619812,75756800.0
2017-11-20,225.05059814453125,225.24227994341484,224.6672345467641,224.91121737192094,48075500.0
2017-11-21,226.5231170654297,226.70610423295656,225.0158260813026,225.81738538851923,69176800.0
2017-11-22,226.32269287109375,226.66247673063674,226.15714828157076,226.5317906308125,45033400.0
2017-11-23,226.32269287109375,226.66247673063674,226.15714828157076,226.5317906308125,45033400.0
2017-11-24,226.84542846679688,226.9500039318348,226.67118920353894,226.81059656768687,27856500.0
2017-11-27,226.732177734375,227.1852317115889,226.5317746692737,226.8890010431142,52274900.0
2017-11-28,229.03236389160156,229.0585011132847,227.09812971933246,227.19398392499647,98971700.0
2017-11-29,228.8928985595703,229.6944841369649,228.44856590345722,229.16299197832421,77512100.0
2017-11-30,230.89688110351562,231.80298907710585,229.72937435393015,229.80778600995802,127894400.0
2017-12-01,230.4176483154297,231.1582382487055,227.19394300180855,230.6790470744156,164390900.0
2017-12-04,230.13885498046875,232.45642573769004,230.08655395847,232.02950900702822,94040600.0
2017-12-05,229.31117248535156,231.01886629763948,229.18048638044854,229.31117248535156,77994500.0
2017-12-06,229.354736328125,229.78167974298935,228.89296100982463,229.4070107725183,75898600.0
2017-12-07,230.07791137695312,230.39155804456618,229.0933650215465,230.07791137695312,77218600.0
2017-12-08,231.33250427246094,231.34119895197028,230.04300619244404,231.0275523480179,76563900.0
2017-12-11,232.02951049804688,232.0905061997429,231.3063631139898,232.02951049804688,83077500.0
2017-12-12,232.4390411376953,232.9095376852706,232.06439878927281,232.8136834861178,85195800.0
2017-12-13,232.41290283203125,233.1186343554788,232.32576990300038,232.6829962995612,102905400.0
2017-12-14,231.46322631835938,232.82241499178923,231.41095187624578,232.70914483746373,100666700.0
2017-12-15,233.39064025878906,233.8547757505301,232.40982765172419,232.46236927530703,144610300.0
2017-12-18,234.87074279785156,235.2210293724449,234.67808117305233,234.78316447291508,83653600.0
2017-12-19,233.96865844726562,235.15963771971707,233.8985851223314,235.11586193549044,82382900.0
2017-12-20,233.8460693359375,234.9845071030803,233.5483244849178,234.93196546614422,76751500.0
2017-12-21,234.32772827148438,235.0370938759789,234.08252503819358,234.46784822267168,67032300.0
2017-12-22,234.2664337158203,234.38028283977948,233.73222476304568,234.34524617275827,78720900.0
2017-12-25,234.2664337158203,234.38028283977948,233.73222476304568,234.34524617275827,78720900.0
2017-12-26,233.98614501953125,234.20507737373754,233.72343688454004,233.86353007310808,45244400.0
2017-12-27,234.10003662109375,234.4590889541957,233.82856259060253,234.15257825763103,57751000.0
2017-12-28,234.58169555664062,234.62549807394694,234.2139040720954,234.59922725362227,45116100.0
2017-12-29,233.69720458984375,235.17718985547413,233.50456972049736,235.15968488330128,96007400.0
2018-01-01,233.69720458984375,235.17718985547413,233.50456972049736,235.15968488330128,96007400.0
2018-01-02,235.36984252929688,235.40487919746303,234.17009721479332,234.55542038917878,86655700.0
2018-01-03,236.85858154296875,237.00746733124353,235.53622131969905,235.53622131969905,90070400.0
2018-01-04,237.85687255859375,238.3385398103603,236.9198623208871,237.49784698792118,80636400.0
2018-01-05,239.44198608398438,239.56457432430008,238.15466257237145,238.64506898392446,83524000.0
2018-01-08,239.8798828125,240.03750773896382,239.05669478521304,239.34567381706339,57319200.0
2018-01-09,240.42276000976562,241.04452040861582,240.0199052385527,240.30014506414236,57254000.0
2018-01-10,240.05496215820312,240.3176970387955,239.00410281126253,239.66963904678204,69574300.0
2018-01-11,241.80645751953125,241.80645751953125,240.44032145530824,240.60671222051525,62361500.0
2018-01-12,243.3827667236328,243.5491307499253,241.77140084390925,242.0691724071142,90816100.0
2018-01-15,243.3827667236328,243.5491307499253,241.77140084390925,242.0691724071142,90816100.0
2018-01-16,242.5507354736328,245.28300650303194,241.85890187159384,244.63497539930265,106555100.0
2018-01-17,244.86273193359375,245.2480550819238,242.55081976875894,243.4790909737871,113258800.0
2018-01-18,244.45118713378906,245.16926513510293,243.96075394304466,244.74893200753343,100728000.0
2018-01-19,245.5633544921875,245.5633544921875,244.45118745715803,245.02914550833063,140920100.0
2018-01-22,247.55999755859375,247.55999755859378,245.3006002720016,245.35316863403142,91322400.0
2018-01-23,248.0854034423828,248.37438240190056,247.2797205890968,247.60373620966402,97084700.0
2018-01-24,247.98912048339844,249.3202466802405,246.8156459375998,248.7247301960566,134816100.0
2018-01-25,248.09420776367188,248.94366662265352,247.30605639635306,248.84734918588242,84587300.0
2018-01-26,250.96653747558594,251.01033998377386,248.6721305610344,248.92609958806912,107743100.0
2018-01-29,249.30267333984375,250.83519999984549,249.14504844027815,250.39733523984498,90118300.0
2018-01-30,246.74551391601562,249.3551703141434,246.27261257687022,247.48112337405334,131796400.0
2018-01-31,246.86817932128906,248.09419546803977,245.79978809516038,247.59504988607,108364800.0
2018-02-01,246.587890625,247.88397985230313,245.7997394527131,246.14128677161807,90102500.0
2018-02-02,241.21971130371094,245.40569741543945,241.1846746392417,245.27431660496606,173174800.0
2018-02-05,231.13128662109375,241.56999429566028,230.58833859278695,239.4682487852187,294681800.0
2018-02-06,235.68516540527344,236.18433780542708,226.5513100031689,227.63720640337462,355026800.0
2018-02-07,234.40650939941406,238.51365585847236,234.32767023221564,235.13335307070074,167376100.0
2018-02-08,225.6142120361328,234.84440913137536,225.5791753705031,234.7042891940019,246449500.0
2018-02-09,229.00326538085938,230.85104180691516,221.48950463024647,228.39024403777478,283565300.0
2018-02-12,232.36602783203125,233.82850763901305,229.14335016441967,231.04366793126815,143736000.0
2018-02-13,232.94410705566406,233.4870552096194,230.5883919553222,231.16637678135055,81223600.0
2018-02-14,236.08792114257812,236.44697345743825,231.45530443883456,231.46407028619402,120735700.0
2018-02-15,239.10043334960938,239.10919919698648,235.36981698661455,237.8218757143435,111200300.0
2018-02-16,239.17050170898438,241.10588339525876,238.4348920412954,238.47869455702082,160420100.0
2018-02-19,239.17050170898438,241.10588339525876,238.4348920412954,238.47869455702082,160420100.0
2018-02-20,237.67300415039062,239.66092741349146,236.8848528685006,238.22471806525743,86369700.0
2018-02-21,236.49075317382812,240.58042191213403,236.39443575185126,238.1108581787282,98883700.0
2018-02-22,236.7972412109375,239.11791894051447,236.13170499282666,237.4102625244751,110511300.0
2018-02-23,240.57164001464844,240.57164001464844,237.54162347110773,238.01452487737137,92766400.0
2018-02-26,243.36521911621094,243.46156325686482,241.0533071673779,241.64003095764554,86491400.0
2018-02-27,240.32647705078125,244.25852128064295,240.26516956236426,243.54915568994895,99099200.0
2018-02-28,237.89195251464844,241.86777258257086,237.5767026707905,241.42114191195762,121907800.0
2018-03-01,234.4328155517578,239.22305734767247,232.9440645992234,237.68176475917994,176855100.0
2018-03-02,235.641357421875,236.2018373090969,231.91076673251806,232.76896481274264,139083200.0
2018-03-05,238.36485290527344,238.9778743434757,234.35399618705415,234.45910619300275,97307400.0
2018-03-06,238.96913146972656,239.4157621812176,237.48038024819,239.33692298788952,79213200.0
2018-03-07,238.88150024414062,239.23178671128736,236.62212981467155,236.81479138037392,87063500.0
2018-03-08,240.0374298095703,240.16001802641597,238.56621085658298,239.55576261266404,66901200.0
2018-03-09,244.21470642089844,244.21470642089844,241.1233820380445,241.43865858743482,113625300.0
2018-03-12,243.90818786621094,245.12546478485694,243.52286472111044,244.50370427918602,71924800.0
2018-03-13,242.33189392089844,245.56333825543905,241.7276383640236,245.06416597364745,91968900.0
2018-03-14,241.08836364746094,243.4703493811892,240.53667641321226,243.28645363643963,105895100.0
2018-03-15,240.8255615234375,242.23547289192678,240.32638940006495,241.59620759633455,83433000.0
2018-03-16,241.08677673339844,242.13307082578123,241.03402466421792,241.35053707930095,100343700.0
2018-03-19,237.8247833251953,241.26260286497254,236.18061459577604,240.33941484185743,109208400.0
2018-03-20,238.2293243408203,238.862376182876,237.55229454050883,238.2205233827313,59757300.0
2018-03-21,237.7720489501953,240.2690787418608,237.56104066228033,238.1852914021509,78709600.0
2018-03-22,231.82843017578125,236.40044644845887,231.55584202184224,235.55638644664177,148785900.0
2018-03-23,226.88705444335938,232.59331974598862,226.69362126645365,232.26800641032418,183534800.0
2018-03-26,233.09446716308594,233.3758293932869,228.08283324450488,230.47435853685462,141956100.0
2018-03-27,229.12911987304688,234.5539960078321,227.58165448885407,234.02647538338294,129941400.0
2018-03-28,228.45208740234375,230.92276751178565,227.35304139529825,229.2609970696875,146452300.0
2018-03-29,231.3711395263672,233.22634297453382,228.46086810427252,229.58629004243443,111601600.0
2018-03-30,231.3711395263672,233.22634297453382,228.46086810427252,229.58629004243443,111601600.0
2018-04-02,226.37710571289062,231.3535893470145,223.9152399272108,230.84361696405603,186286300.0
2018-04-03,229.27859497070312,229.75339040602205,225.82320042029326,227.60805024012828,119956900.0
2018-04-04,231.7317352294922,232.43511419877544,225.61225233372713,225.74413253644428,123715300.0
2018-04-05,233.5605010986328,234.43973799149228,232.399901960335,233.48134616595655,82652600.0
2018-04-06,228.3554229736328,233.0944962072635,226.84313433809155,231.60861043926135,179521200.0
2018-04-09,229.48080444335938,232.85707053025092,228.54881558338204,229.80611776570538,105442900.0
2018-04-10,233.12962341308594,233.91215701519258,231.2216946546374,232.35589076494622,103529000.0
2018-04-11,231.9075164794922,233.56048602453347,231.58220314327897,231.65253028400932,91140200.0
2018-04-12,233.8155059814453,234.7562960796163,233.05057402894235,233.22643217461038,68890500.0
2018-04-13,233.12962341308594,235.23101216574614,232.12730745139712,235.11670709288322,85079200.0
2018-04-16,235.04640197753906,235.81136066287758,233.9385816667049,234.7562655902731,63405300.0
2018-04-17,237.56100463867188,238.15887925189176,236.29490143880682,236.8048470013346,64682000.0
2018-04-18,237.7368927001953,238.53697471543825,237.27967231184803,238.0006530533323,57303900.0
2018-04-19,236.4180450439453,237.28848107010103,235.3893259685204,237.0862469045913,77655900.0
2018-04-20,234.4133758544922,236.56751734914624,233.5341388088677,236.34770808774013,99953100.0
2018-04-23,234.37815856933594,235.538757576906,233.30548860758378,234.98483410364858,65558000.0
2018-04-24,231.22174072265625,235.61792543371928,229.727027188022,235.39811619816612,112885500.0
2018-04-25,231.7932586669922,232.23287717469967,229.34898083742598,231.16020694260604,103840900.0
2018-04-26,234.14956665039062,234.9760514475194,232.37351784814558,232.81313627929157,67731900.0
2018-04-27,234.3693084716797,235.05511195377335,233.43731981222345,234.75617472641682,57053600.0
2018-04-30,232.56695556640625,235.53878051205507,232.49660159003034,234.9848569848604,82182300.0
2018-05-01,232.98016357421875,233.0856676910251,230.4567315637778,232.00419682940756,74203400.0
2018-05-02,231.41513061523438,233.59562065125908,231.02826428648606,232.78673784182317,86368900.0
2018-05-03,230.90516662597656,231.5557932787328,227.7662847762269,230.58865425399074,136311500.0
2018-05-04,233.8946075439453,234.57163717893877,229.61272782167768,229.93804120526443,91222100.0
2018-05-07,234.68592834472656,235.65306748213024,233.97372176043777,234.65955231065522,55304900.0
2018-05-08,234.68592834472656,235.046391866308,233.12966183797334,234.3166370355465,67499200.0
2018-05-09,236.95431518554688,237.27962850508365,234.8353512992768,235.3540977861297,59666100.0
2018-05-10,239.1699981689453,239.49533834232832,237.58738257253478,237.69288670133824,72063900.0
2018-05-11,239.89981079101562,240.16357114711954,238.78316267508274,239.29313513979392,59871500.0
2018-05-14,240.01412963867188,240.9812688879109,239.4689801511902,240.33064208412807,54790600.0
2018-05-15,238.36106872558594,238.80946118539987,237.4202790405883,238.79188611142595,87036100.0
2018-05-16,239.36343383789062,239.82065417703188,238.36989189436235,238.39629475901697,53942600.0
2018-05-17,239.16119384765625,240.23386374201183,238.387461224557,239.09964083623336,56536400.0
2018-05-18,238.56332397460938,239.1788005057583,238.21163459917258,238.81831017547728,64368000.0
2018-05-21,240.3569793701172,240.89332781469182,239.65360060549267,240.04046697569012,58025900.0
2018-05-22,239.68881225585938,241.13077397512382,239.3634988229535,240.87578770385159,52966400.0
2018-05-23,240.34815979003906,240.3745626530419,238.26437285833137,238.42265587545916,64694200.0
2018-05-24,239.85581970214844,240.22511101264362,238.07977079326324,239.95254971554198,76043800.0
2018-05-25,239.28431701660156,239.90856770271625,238.78314554377755,239.28431701660156,56374800.0
2018-05-28,239.28431701660156,239.90856770271625,238.78314554377755,239.28431701660156,56374800.0
2018-05-29,236.5323028564453,238.42268367060086,235.42448260046902,237.66652597850245,115908600.0
2018-05-30,239.68881225585938,240.1284308045834,237.76330769806003,237.8336348596937,69678400.0
2018-05-31,238.22044372558594,239.58325016421844,237.62256908361684,239.2843128432339,93519900.0
2018-06-01,240.55917358398438,240.85811085094338,239.44252576944658,239.51287973354013,71258400.0
2018-06-04,241.70220947265625,241.95719567720292,241.13951183027507,241.37689612487935,45385200.0
2018-06-05,241.8780059814453,242.2560712984103,241.0690964633088,241.83402804996868,51135000.0
2018-06-06,243.9003448486328,244.00584899825836,241.8693094717872,242.484786120849,62732200.0
2018-06-07,243.8739013671875,244.67401005682166,242.9682885571053,244.3838737255894,72969400.0
2018-06-08,244.59487915039062,244.64763121000732,243.24964796581133,243.41670509865648,72139700.0
2018-06-11,244.92025756835938,245.63243739467774,244.70044831746642,244.81475342108018,58892500.0
2018-06-12,245.23675537109375,245.59721886927935,244.59490280744205,245.33345854568515,72329000.0
2018-06-13,244.4542236328125,245.72912781539785,244.25198949499742,245.47414161244484,79070600.0
2018-06-14,245.06973266601562,245.59725338734566,244.48063208428616,245.31591794669737,77097600.0
2018-06-15,244.75701904296875,245.092633594624,243.18495110573815,244.28893215583443,120041600.0
2018-06-18,244.2535858154297,244.37724462454685,242.83167122654868,243.308571612015,52917600.0
2018-06-19,243.31744384765625,243.53824007619315,241.57756848867896,241.9926664764349,97531500.0
2018-06-20,243.73260498046875,244.3949938376879,243.3969903137169,243.9975497422878,53785500.0
2018-06-21,242.20465087890625,243.74141113910272,241.71006942469776,243.72373018902312,71061400.0
2018-06-22,242.64625549316406,243.5736159805693,242.4254592274965,243.45879760999512,54898500.0
2018-06-25,239.34317016601562,241.65711089356964,237.66512380999848,241.4981440388532,137854200.0
2018-06-26,239.87303161621094,240.72088159957022,239.15765398139763,239.90836656004487,68547400.0
2018-06-27,237.8859100341797,241.87789694896222,237.73575670929327,240.45598188744574,105110700.0
2018-06-28,239.24595642089844,240.00548245292865,237.12629122348952,237.83285527351336,76650500.0
2018-06-29,239.59043884277344,241.69242357031283,239.4756204740588,240.33231104908108,97592500.0
2018-07-02,240.1026153564453,240.26160911013994,237.7886754103207,238.02715256453158,63554800.0
2018-07-03,239.25479125976562,241.09183100084982,238.83087974464235,240.99466664352408,42187100.0
2018-07-04,239.25479125976562,241.09183100084982,238.83087974464235,240.99466664352408,42187100.0
2018-07-05,241.20664978027344,241.26847920080212,239.30780736280755,240.37648065137014,56925900.0
2018-07-06,243.24685668945312,243.61777934495436,240.85340561738371,241.233195701577,66493700.0
2018-07-09,245.43710327148438,245.49009221465826,244.2006496763149,244.2447981447375,50550400.0
2018-07-10,246.3202667236328,246.41743107940047,245.59604862669065,245.887514741329,51966800.0
2018-07-11,244.5185089111328,245.56068736590083,244.21822934032127,244.77464002695925,77054700.0
2018-07-12,246.73541259765625,246.78840154648117,245.1721847019817,245.77274409044392,60124700.0
2018-07-13,246.9297332763672,247.23001299355997,246.10837755410412,246.55881060622923,48216000.0
2018-07-16,246.70892333984375,247.11518094031493,246.26733078851893,246.97389504224088,48201000.0
2018-07-17,247.70689392089844,248.09549747066842,245.88753500727847,245.94052395018647,52315500.0
2018-07-18,248.2279510498047,248.33392892760364,247.34476613126054,247.78635859053261,44593500.0
2018-07-19,247.29180908203125,247.94535738117995,246.8148816177688,247.5655942858729,61412100.0
2018-07-20,247.00926208496094,247.71582650757847,246.85029519712577,247.0887455288785,82337700.0
2018-07-23,247.46841430664062,247.6715295794587,246.46157060555356,246.80602564624027,47047600.0
2018-07-24,248.7136688232422,249.55270519882606,247.84816493333693,248.87266257780593,68026900.0
2018-07-25,250.83338928222656,251.1513229561097,248.4222844446066,248.46643291508985,78882900.0
2018-07-26,250.24160766601562,250.92165033968266,250.02081143983833,250.1179757947418,57919500.0
2018-07-27,248.54591369628906,250.66555212783368,247.62739382664256,250.56838777060267,76768700.0
2018-07-30,247.24769592285156,248.784429473909,246.7265929609436,248.62546261400763,63742500.0
2018-07-31,248.46646118164062,249.07586107857932,247.62745147833215,248.00721461622982,68570500.0
2018-08-01,248.05130004882812,249.17296213045086,247.4065923164075,248.66954026480906,53853300.0
2018-08-02,249.40267944335938,249.57045983347243,246.5499815686678,246.75312386590184,63426400.0
2018-08-03,250.47122192382812,250.52421085714974,249.34955994564325,249.52620769182317,53935400.0
2018-08-06,251.38983154296875,251.69892478026938,250.1180427833536,250.50664640171775,39400900.0
2018-08-07,252.21994018554688,252.5997301890738,251.91966054398182,252.05215984547485,43196600.0
2018-08-08,252.11398315429688,252.5114271863113,251.65473665616224,252.05218068817663,42114600.0
2018-08-09,251.76962280273438,252.5644841280962,251.6371504072865,252.17588046633273,35717000.0
2018-08-10,250.0826416015625,250.87750262765104,249.37607750407815,250.3387727714421,77076000.0
2018-08-13,249.146484375,250.96584324930072,248.85501824263818,250.35644346636187,65732900.0
2018-08-14,250.7361297607422,250.97460687832228,249.48202258612636,249.87062600851215,43842000.0
2018-08-15,248.86392211914062,249.5351514893644,247.4331664217041,249.39383862443978,102925400.0
2018-08-16,250.87754821777344,251.7430792872292,250.25930788920945,250.29464283867094,69967900.0
2018-08-17,251.76072692871094,252.20231945148672,250.26814204551533,250.6743996197218,65618500.0
2018-08-20,252.2994384765625,252.5643831615425,251.76068168021817,252.21111459734792,39807500.0
2018-08-21,252.8911590576172,253.74784948203643,252.33474826253425,252.81167565155732,67272000.0
2018-08-22,252.74098205566406,253.26205780382372,252.2198793548458,252.48485094126062,44993300.0
2018-08-23,252.4054412841797,253.4210986138187,252.08748067813048,252.56440811087106,49204900.0
2018-08-24,253.92449951171875,254.06581233019867,252.92649626116108,252.97948519900802,57487400.0
2018-08-27,255.9293212890625,256.03529916548314,254.9578125007662,255.11677931539714,57072400.0
2018-08-28,256.052978515625,256.49457096639844,255.59370511711555,256.38856613797486,46943500.0
2018-08-29,257.4307861328125,257.66039591626367,256.0265251482379,256.2649754069763,61485500.0
2018-08-30,256.3885192871094,257.3246929554652,255.796800604692,256.9537704580876,61229500.0
2018-08-31,256.39739990234375,256.8389923415614,255.4965610292986,255.9823019313726,66140800.0
2018-09-03,256.39739990234375,256.8389923415614,255.4965610292986,255.9823019313726,66140800.0
2018-09-04,255.9558563232422,256.30912495152,254.9578529076725,255.9823507965463,57594400.0
2018-09-05,255.26695251464844,255.8057093653517,254.26013565747596,255.6025671179281,72452400.0
2018-09-06,254.49862670898438,255.67325105615745,253.47412873830004,255.37297135050923,65909900.0
2018-09-07,254.00399780273438,254.9755066412975,253.21795025750325,253.45642744445308,73524800.0
2018-09-10,254.44552612304688,255.27572192552327,254.2512244043256,255.01075033490753,50210900.0
2018-09-11,255.2846221923828,255.72621470747268,253.45644966393857,253.80087781032123,50530500.0
2018-09-12,255.34645080566406,255.9470101556468,254.56043014667713,255.2934618602343,59810800.0
2018-09-13,256.8566589355469,257.04214717503464,256.1236273096607,256.40625295326265,51034200.0
2018-09-14,256.90087890625,257.2453070700821,256.12367172789,257.0598457510956,55079900.0
2018-09-17,255.5406951904297,256.88312642756125,255.26691004965062,256.84781844031767,68244000.0
2018-09-18,256.9273376464844,257.5190564708911,255.72619209625736,255.7526865667134,61930400.0
2018-09-19,257.20111083984375,257.61620882608855,256.8566557873011,256.98031461211065,49080600.0
2018-09-20,259.28546142578125,259.603422066902,257.21881159283953,258.4552922550464,100360600.0
2018-09-21,259.0486145019531,260.1398595873573,258.8889280235084,260.0245214391419,105479700.0
2018-09-24,258.1880187988281,258.61387643830426,257.6113551925466,258.4719238918122,53409600.0
2018-09-25,257.94854736328125,258.74700692728453,257.70901761648605,258.64054926204227,44370000.0
2018-09-26,257.17669677734375,259.27043634866436,256.75971954750474,258.0904944842651,79739700.0
2018-09-27,257.89520263671875,258.9775668714285,257.3717679680432,257.64679250455623,59249500.0
2018-09-28,257.9218444824219,258.4186647996057,257.2387233149633,257.2741911414216,70091400.0
2018-10-01,258.81793212890625,259.8825355901914,258.1525448125983,259.15503895977173,62078900.0
2018-10-02,258.6669616699219,259.3766969337201,258.29436013256054,258.6669616699219,47258200.0
2018-10-03,258.8090515136719,260.1309456508911,258.45418369340865,259.713968516545,64694600.0
2018-10-04,256.7861633300781,258.38308136317204,255.20697920413687,258.3298525670467,111545900.0
2018-10-05,255.34901428222656,257.52259635953726,253.92951608550104,257.0080421389958,105951700.0
2018-10-08,255.34901428222656,255.70388206273893,253.29074325070835,254.66586605319725,87742200.0
2018-10-09,254.9763946533203,256.2716742822216,254.41746501850835,254.96754123389658,74339000.0
2018-10-10,246.903076171875,254.5417376782525,246.53047438601243,254.4707478597282,214731000.0
2018-10-11,241.46458435058594,247.43530800271876,239.858758375963,245.82062860978044,274840500.0
2018-10-12,244.81817626953125,245.82955087923344,241.64204575248766,245.54564580207276,183186500.0
2018-10-15,243.44302368164062,245.78519993118493,243.35429996164066,244.46327877494505,102263700.0
2018-10-16,248.76608276367188,249.1387114990498,244.92459267291434,245.39479853263305,118255800.0
2018-10-17,248.8105010986328,249.43151299855074,246.2465290481367,248.80162060409677,110626000.0
2018-10-18,245.21739196777344,248.47336570550362,243.94872669197238,247.8789411434179,134557500.0
2018-10-19,245.08433532714844,247.79023299591103,244.39233358097664,245.8650607996869,139901600.0
2018-10-22,243.9842529296875,246.0691117252877,243.45193761125864,245.74973877903946,82415800.0
2018-10-23,242.7421112060547,243.85997037429763,238.30619650626488,240.38222841148024,146352700.0
2018-10-24,235.38734436035156,242.87516927454965,234.83729536245292,242.49366009806855,177806700.0
2018-10-25,239.6103515625,241.14518776381234,236.19471897394203,237.2149739188882,138061500.0
2018-10-26,235.39625549316406,240.42659505910345,232.6992386438329,235.91971729336254,201574600.0
2018-10-29,234.09213256835938,239.7612458831454,230.53454655364234,238.4748194879425,160749100.0
2018-10-30,237.56100463867188,237.8715241329853,233.43560871330504,233.92357565427733,157116000.0
2018-10-31,240.09832763671875,242.40500873650913,239.64585566540876,240.11606154894994,128296300.0
2018-11-01,242.6533966064453,242.84857792177237,239.87650987802155,240.95887406762216,99495000.0
2018-11-02,241.21624755859375,244.17943612779212,239.17571000187786,243.75357845494347,122634100.0
2018-11-05,242.54693603515625,243.09698507854932,240.73707541280464,241.70410148500733,65622500.0
2018-11-06,244.08177185058594,244.2414582856126,242.4227440457888,242.4848533509687,60085900.0
2018-11-07,249.30735778808594,249.38720102651303,245.82070726200857,246.24656494163546,102752100.0
2018-11-08,248.85482788085938,249.49360071455664,247.71923474036157,248.5088135200468,65584900.0
2018-11-09,246.42396545410156,247.73697900206238,245.02220111411222,247.55067814789876,98812600.0
2018-11-12,241.81947326660156,246.15778399423746,241.3048919723185,245.9182543346288,99673600.0
2018-11-13,241.36703491210938,244.26811393698574,240.6484187584732,242.2808324330714,98176600.0
2018-11-14,239.7168426513672,243.62929561444977,238.16427249708286,243.23007953386727,125335900.0
2018-11-15,242.21868896484375,242.68004144511647,236.88673763253698,238.45704177005678,135101400.0
2018-11-16,242.84864807128906,243.7535651175612,240.6129292545172,241.12751063205505,126668000.0
2018-11-19,238.74095153808594,242.53809370819096,237.8271541279223,242.24530815536264,103061700.0
2018-11-20,234.32281494140625,236.87790680745823,233.46224618200236,235.42291341024685,136021300.0
2018-11-21,235.1211700439453,237.0108736927533,235.11231662694203,235.86640032839483,75563700.0
2018-11-22,235.1211700439453,237.0108736927533,235.11231662694203,235.86640032839483,75563700.0
2018-11-23,233.5509490966797,234.9438330498042,233.3912626379554,233.4888397822827,42807900.0
2018-11-26,237.3214569091797,237.54325266330042,235.40513834461535,235.795501037842,79981400.0
2018-11-27,238.1199188232422,238.1199188232422,235.68904599528867,236.29232395519756,75502400.0
2018-11-28,243.60269165039062,243.60269165039062,238.05779800456682,239.18453772119085,127629600.0
2018-11-29,243.07037353515625,244.4632300704117,241.69522383582375,242.83081683141555,82346400.0
2018-11-30,244.55194091796875,245.11087043108694,242.60015494280998,242.91952776477967,98204200.0
2018-12-03,247.7902069091797,248.76611364711172,246.20216879552547,248.65965601655134,103176300.0
2018-12-04,239.7611846923828,247.390963237214,239.45066525471964,246.96510568773246,177986000.0
2018-12-05,239.7611846923828,247.390963237214,239.45066525471964,246.96510568773246,177986000.0
2018-12-06,239.39743041992188,239.51276852883728,232.83228237669715,235.91968861471403,204185400.0
2018-12-07,233.83485412597656,240.62179936686118,233.00089985327392,239.06034846057895,161018900.0
2018-12-10,234.27841186523438,235.2454380472968,229.4432538802468,233.657372960395,151445900.0
2018-12-11,234.3316192626953,237.6496745818424,232.8677729204053,237.46337375728586,121504400.0
2018-12-12,235.51156616210938,238.6522012238071,235.4317229496942,237.29481246340214,97976700.0
2018-12-13,235.43174743652344,237.3125710570535,234.32276869095844,236.45200246750798,96662700.0
2018-12-14,231.08448791503906,234.242856283569,230.53443895165114,233.29356425982874,116961100.0
2018-12-17,226.55104064941406,231.2442325398327,224.92749421213006,230.13525384256258,165492300.0
2018-12-18,226.3026580810547,228.84888268565493,224.70572585491885,228.18349538620993,134515100.0
2018-12-19,222.91357421875,230.13524260112197,221.21906514046967,226.38246266332683,214992800.0
2018-12-20,219.2850799560547,223.23304266928213,217.04937439927232,221.671605039259,252053400.0
2018-12-21,214.79197692871094,222.8321839675242,214.14947386453696,220.18186223190455,255345600.0
2018-12-24,209.11651611328125,214.9168804385262,209.05405773183995,213.3106229790265,147311600.0
2018-12-25,209.11651611328125,214.9168804385262,209.05405773183995,213.3106229790265,147311600.0
2018-12-26,219.68212890625,219.68212890625,208.5989713794765,210.57110150476595,218485400.0
2018-12-27,221.36871337890625,221.56502090465517,213.2392779193472,216.46071205816327,186267300.0
2018-12-28,221.0831756591797,224.34029873393808,219.92309976392545,222.71620337369708,153100200.0
2018-12-31,223.01953125,223.26047325832633,220.83324293788365,222.69827977769467,144299400.0
2019-01-01,223.01953125,223.26047325832633,220.83324293788365,222.69827977769467,144299400.0
2019-01-02,223.25152587890625,224.17067294266602,219.47683154570203,219.50360136522636,126925200.0
2019-01-03,217.92417907714844,221.81488595919683,217.4422949789893,221.5114719055297,144140700.0
2019-01-04,225.2237091064453,225.8662121607663,220.56556877081383,220.94035994976915,142628800.0
2019-01-07,226.99952697753906,228.40053118136873,224.59906597413217,225.49142984951663,103139100.0
2019-01-08,229.13221740722656,229.6141014303248,226.66037976243663,229.17685193188655,102512600.0
2019-01-09,230.20309448242188,231.04191864728134,228.61468798077402,229.83722205027829,95006600.0
2019-01-10,231.01516723632812,231.26502803517397,227.99897294347033,228.67717821153101,96823900.0
2019-01-11,231.10440063476562,231.13117046106527,229.36428022693917,229.94431128528677,73858100.0
2019-01-14,229.69444274902344,230.4975647437102,228.81101127814628,229.2125586590983,70908200.0
2019-01-15,232.32693481445312,232.6392676098816,230.06032300031862,230.06925535334858,85208300.0
2019-01-16,232.88909912109375,233.77253051091907,232.54999654199065,232.75522277360974,77636700.0
2019-01-17,234.65594482421875,235.51263356154,231.97885379384078,232.02348831734736,96118400.0
2019-01-18,237.77926635742188,238.24331299330493,234.69169502898802,236.4585852744533,127900300.0
2019-01-21,237.77926635742188,238.24331299330493,234.69169502898802,236.4585852744533,127900300.0
2019-01-22,234.5667724609375,236.52998402426385,232.9605282602423,236.31582539291418,115531200.0
2019-01-23,235.0575714111328,236.2890379149848,232.60357075666337,235.5929951823012,86030300.0
2019-01-24,235.1824493408203,235.76250754955237,233.87067357291346,234.8790489415957,59204100.0
2019-01-25,237.17245483398438,237.99344153026766,235.28064789407634,237.02074100226002,96883400.0
2019-01-28,235.36988830566406,235.43233307573223,233.6119305026941,235.0397180517145,85613700.0
2019-01-29,235.0575714111328,236.0748520668469,234.22767954385318,235.51268570154357,66136300.0
2019-01-30,238.77870178222656,239.61752596151732,235.80714220909275,236.56565691157263,92473700.0
2019-01-31,240.8757781982422,241.3576623238347,238.50208698383028,238.7162728356407,104012100.0
2019-02-01,240.99176025390625,242.00906803486546,240.20647577024255,241.0720697261744,85782500.0
2019-02-04,242.68731689453125,242.7497889132525,240.3671649420488,241.03643797260395,60744800.0
2019-02-05,243.7045440673828,244.00794447257655,242.6158592097911,243.11558072808432,79552800.0
2019-02-06,243.38323974609375,243.91866335308137,242.6515222904124,243.4278742657953,58347800.0
2019-02-07,241.0631866455078,242.32139572551998,239.41230805498316,241.77706684167765,95482000.0
2019-02-08,241.35760498046875,241.45575191327555,239.0017517997669,239.82273836561768,75788900.0
2019-02-11,241.49143981933594,242.26779181577442,240.96494854856473,242.00902597214602,68021400.0
2019-02-12,244.596923828125,244.97170137499526,243.02635482048785,243.09775917507974,72270200.0
2019-02-13,245.39108276367188,246.22990681214208,245.00737291226793,245.426784936503,65277200.0
2019-02-14,244.84683227539062,245.97121960048418,243.4993539561301,244.3114084428324,83234400.0
2019-02-15,247.5149383544922,247.55064053102285,246.40841597707413,246.61364221836726,97088700.0
2019-02-18,247.5149383544922,247.55064053102285,246.40841597707413,246.61364221836726,97088700.0
2019-02-19,247.9432373046875,248.5946453184186,246.71177115163894,246.72070350232892,59120800.0
2019-02-20,248.4429931640625,248.89810738786227,247.4078479533843,247.90756947125925,76610800.0
2019-02-21,247.55963134765625,248.1664323280742,246.60479533762955,247.80949217681587,64214700.0
2019-02-22,249.09442138671875,249.29071526126756,247.541689998657,248.17526061344304,78114600.0
2019-02-25,249.4335174560547,251.03085626968215,249.35320798266986,250.51329725249707,69030700.0
2019-02-26,249.2550048828125,250.12950377339791,248.88020019200758,249.08545362182642,56844100.0
2019-02-27,249.14797973632812,249.4959874515312,247.61311293637814,248.5411516654407,56921600.0
2019-02-28,248.68399047851562,249.37112818057676,248.36275251349056,248.93385130668665,69268300.0
2019-03-01,250.23666381835938,250.6471435330441,248.80887632010388,250.2545012902043,78880500.0
2019-03-04,249.32652282714844,251.5306632322656,247.04207292137414,251.28973473029404,106494600.0
2019-03-05,248.98728942871094,249.64765703105064,248.4429606879148,249.4513359437783,59114600.0
2019-03-06,247.479248046875,249.1122890999003,247.15801014103693,249.10335674714386,75039800.0
2019-03-07,245.40902709960938,247.17589035279158,244.57020277894787,247.03310884791438,94885100.0
2019-03-08,244.91819763183594,245.08774895787133,243.09779481459196,243.56181425633898,85795800.0
2019-03-11,248.4696807861328,248.63029967100232,245.60520174154107,245.631971555686,65098900.0
2019-03-12,249.4067840576172,249.92437038317783,248.83568530809956,249.02307410669908,79667500.0
2019-03-13,251.05758666992188,251.98565249349073,250.12952084635302,250.29016700067777,80639200.0
2019-03-14,250.8970489501953,251.50384989428085,250.45979933354343,251.08443775264809,67518400.0
2019-03-15,252.13658142089844,252.94324092937174,251.25820304120282,251.4464445636101,81309000.0
2019-03-18,253.05079650878906,253.34658899070135,252.12761433225663,252.35168794163573,62199800.0
2019-03-19,253.11361694335938,254.87034689058007,252.2262939462735,254.1085182803817,90268100.0
2019-03-20,252.35174560546875,254.09953109909895,251.2493207011639,252.89849956071265,84609200.0
2019-03-21,255.20201110839844,255.60532732965868,251.49133775633575,251.53616890497227,79550400.0
2019-03-22,250.29019165039062,254.36831991076338,250.2274444826354,253.84848123456993,122659300.0
2019-03-25,250.10205078125,251.13278409220587,248.8472438221411,249.94966866530024,85575200.0
2019-03-26,251.96630859375,252.91637858733375,250.56809134459888,251.84978593086444,68125900.0
2019-03-27,250.6487579345703,252.5399536018876,249.10713026060452,251.9573402796351,72224700.0
2019-03-28,251.598876953125,252.04702430201155,250.12896787220367,251.27622399124354,56238500.0
2019-03-29,253.18536376953125,253.50801676670727,251.9843320254653,253.10470052023726,82186800.0
2019-04-01,256.1878967285156,256.48368929088963,254.9062018988762,255.17510671492008,77617900.0
2019-04-02,256.31329345703125,256.54633873826305,255.5245500615383,256.3760406254756,40070400.0
2019-04-03,256.7165832519531,257.91761413424587,256.11605413444335,257.5232425188391,68243200.0
2019-04-04,257.3978271484375,257.64878849405113,256.3491779856979,257.03931484795163,48997500.0
2019-04-05,258.6437072753906,258.6974827565158,257.7743005268839,258.061121328043,58621700.0
2019-04-08,258.84100341796875,258.94855442603364,257.5682526661207,258.22255776884697,53566300.0
2019-04-09,257.51434326171875,258.20448010644867,256.9676168040888,257.8818272500247,66142300.0
2019-04-10,258.3927307128906,258.4823656270723,257.51435231828697,257.9266401002401,52601500.0
2019-04-11,258.3210144042969,258.88568428123676,257.756344527357,258.8767125839089,55093100.0
2019-04-12,260.0687561035156,260.3466051469437,258.3658024123571,259.92534573388645,69727800.0
2019-04-15,259.8984069824219,260.23900312434256,259.1006920865838,260.14039654775854,49596700.0
2019-04-16,260.0687561035156,260.8306117253508,259.4771985860694,260.7768362558313,52153200.0
2019-04-17,259.4324035644531,261.20704882392914,259.02008848058534,261.1801610882623,58268300.0
2019-04-18,259.9432373046875,260.21214197970477,258.72429030667405,260.0149561591169,68708500.0
2019-04-19,259.9432373046875,260.21214197970477,258.72429030667405,260.0149561591169,68708500.0
2019-04-22,260.16741943359375,260.3198015483036,259.09188234285483,259.18151727193475,40160100.0
2019-04-23,262.5066833496094,262.73972862437995,260.3018069935081,260.5348249155469,52246600.0
2019-04-24,261.9241638183594,262.7577111776434,261.7807534093311,262.4260865735888,50392900.0
2019-04-25,261.7628173828125,262.41712226378763,260.5797293423119,261.82556456716753,57770900.0
2019-04-26,262.9818115234375,263.0535030588638,261.03684013482405,261.80766774254926,50916400.0
2019-04-29,263.3940124511719,263.91387848418856,262.98172471489596,263.071359619147,57197700.0
2019-04-30,263.5284729003906,263.81529367659437,261.64627651929874,263.0534379566247,81111700.0
2019-05-01,261.5475769042969,264.3619534836254,261.53860521050126,264.1557959954009,71671900.0
2019-05-02,260.9830322265625,262.3454174051037,259.4951800384251,261.4311794873483,65030200.0
2019-05-03,263.53741455078125,263.8152635983207,261.09052124050993,262.4529060957811,56543700.0
2019-05-06,262.4529113769531,262.89208684427564,258.9394255801766,259.2531340651493,107198100.0
2019-05-07,258.070068359375,260.6514008912022,256.16992839920704,260.05984323993033,144729900.0
2019-05-08,257.71160888671875,259.4145633124021,257.1200511141195,257.71160888671875,91568300.0
2019-05-09,256.9317321777344,257.53223405255756,253.92016904937915,255.6500378691589,103471100.0
2019-05-10,258.2224426269531,258.9753267004435,253.02391828227698,255.99962249136024,112429300.0
2019-05-13,251.7332000732422,254.09045842220178,250.89965295179644,253.13144432411787,127290500.0
2019-05-14,254.00990295410156,255.53361482787994,252.62065716245965,252.7461241923132,77003200.0
2019-05-15,255.49769592285156,256.1340573290502,252.1813954882787,252.38755306053397,73956400.0
2019-05-16,257.8638916015625,259.2172774500788,256.12507840020066,256.1967699119321,76749600.0
2019-05-17,256.19677734375,258.67055853759854,255.55144430851703,255.56938770151973,100353000.0
2019-05-20,254.5027618408203,256.3042946736405,253.75882229984825,254.60134107847247,62877600.0
2019-05-21,256.7973327636719,257.1737611168127,255.93687039387783,256.1878317468838,46847100.0
2019-05-22,256.0086669921875,256.95873721363324,255.53363188146463,255.84734050614824,49482500.0
2019-05-23,252.8805694580078,253.83958388390303,251.47338038312103,253.79478009537402,98733800.0
2019-05-24,253.4541015625,254.72685150622567,252.83565630605509,254.3145364334415,55268100.0
2019-05-27,253.4541015625,254.72685150622567,252.83565630605509,254.3145364334415,55268100.0
2019-05-28,251.09690856933594,254.6820867101874,251.07899252561756,253.73201669108084,70029400.0
2019-05-29,249.411865234375,250.38882297493316,248.01364797699472,249.9855068541915,104972900.0
2019-05-30,250.09303283691406,250.9982989609334,248.99955254201674,250.16472435586059,62523800.0
2019-05-31,246.7229766845703,248.38112697686873,246.6960889437325,247.5565513560174,86862800.0
2019-06-03,246.09567260742188,247.8703188259042,244.76914644130386,246.75892201410744,96428000.0
2019-06-04,251.43746948242188,251.5719081732355,247.93295506062827,248.3811022651635,77231900.0
2019-06-05,253.6153564453125,253.64224417267346,251.2491543793778,253.05068681800884,71169700.0
2019-06-06,255.2646942138672,255.93691517196487,253.26597473754416,253.91130795142757,69430400.0
2019-06-07,257.819091796875,258.89465607265004,256.10716612351325,256.27746425638986,74272200.0
2019-06-10,259.0022277832031,260.6603781109152,258.9125928609169,259.36074011961,60799100.0
2019-06-11,258.939453125,261.1801891806901,258.29412004685184,260.8127051852287,58641300.0
2019-06-12,258.48236083984375,259.26213260858515,257.97146645593216,258.70643444478026,47096300.0
2019-06-13,259.5488586425781,259.9073981995692,258.688423881801,259.3875322535689,48945200.0
2019-06-14,259.26214599609375,259.8626479708,258.5002902294228,259.26214599609375,52324700.0
2019-06-17,259.3607482910156,260.1226041253445,259.1904501391278,259.4951870023116,39205700.0
2019-06-18,262.0765075683594,263.12518417352123,260.81272903505663,261.1712687189415,85434800.0
2019-06-19,262.6680603027344,263.19687076799914,261.2429553500235,262.210941361261,78674400.0
2019-06-20,265.1777038574219,265.58104736339334,262.7308371362649,265.33905767145455,116570000.0
2019-06-21,264.792236328125,266.16122030813983,264.5760881959581,264.90932572830695,83309500.0
2019-06-24,264.4679870605469,265.3145763201404,264.3148638254183,264.99936948825126,47582700.0
2019-06-25,261.8740539550781,264.5489962916945,261.7659799189752,264.5219777826687,82028700.0
2019-06-26,261.6129150390625,263.27011476224845,261.5048409788637,262.76575082413854,51584900.0
2019-06-27,262.5405578613281,263.044921742749,261.9911722884758,262.3694314566564,40355200.0
2019-06-28,263.8915710449219,264.386919654963,262.99993255253844,263.51328434422294,59350900.0
2019-07-01,266.2872009277344,267.42203306422226,265.0893164534945,267.20585754703865,78705600.0
2019-07-02,266.9808349609375,267.0348719972859,265.40469060063094,266.24229214980755,61504500.0
2019-07-03,269.1153259277344,269.1333565933882,267.51216337347967,267.6562712698563,40898900.0
2019-07-04,269.1153259277344,269.1333565933882,267.51216337347967,267.6562712698563,40898900.0
2019-07-05,268.80914306640625,268.97128165021803,266.6025576032776,267.890486025087,51677300.0
2019-07-08,267.33203125,268.6289747449363,266.7916335461484,267.5031576476492,45841800.0
2019-07-09,267.6651916503906,267.9623951847691,266.1250820007255,266.1791190069761,41101300.0
2019-07-10,268.9441833496094,269.8898862091427,268.1966528857291,268.7280352609248,58448500.0
2019-07-11,269.57470703125,269.8178736807302,268.5749944309455,269.5837223653779,50826100.0
2019-07-12,270.78155517578125,270.85362287067034,269.75482415267635,270.06104314152424,40326000.0
2019-07-15,270.8716125488281,271.21386536805954,270.36724865283577,271.21386536805954,33900000.0
2019-07-16,269.9980163574219,270.98874111270794,269.69179733956526,270.7815808274925,36650100.0
2019-07-17,268.1607666015625,270.13320145347643,268.1607666015625,269.9710902977591,36036300.0
2019-07-18,269.142333984375,269.5206206333886,267.22396468495583,267.66527620399694,51392600.0
2019-07-19,267.64727783203125,270.2591681205926,267.4761514265193,270.23214960844706,58678600.0
2019-07-22,268.3046875,268.8450851280637,267.53013863886196,268.0434902740456,43638100.0
2019-07-23,270.22314453125,270.22314453125,268.5929634364693,269.42157698333074,44564500.0
2019-07-24,271.49310302734375,271.49310302734375,269.37656094928735,269.46663183286364,47213200.0
2019-07-25,270.1961669921875,271.09682088216147,269.39457183693844,271.04278384762506,55394100.0
2019-07-26,272.0065002441406,272.20464520675074,270.7545780972456,270.8806828397141,45084100.0
2019-07-29,271.5110778808594,272.00645394595506,270.9616922741828,271.8893645581002,38126500.0
2019-07-30,270.8445739746094,271.24987912226163,269.7367600605903,270.11504669745034,45849000.0
2019-07-31,267.88140869140625,271.2768905449335,265.8729686415346,271.0877334885615,104245200.0
2019-08-01,265.5487976074219,270.9797396278574,264.75621776268565,268.0346112139535,142646600.0
2019-08-02,263.54925537109375,264.90023578819864,262.0001300600495,264.65706920799585,116749700.0
2019-08-05,255.62355041503906,259.57740603070056,253.73217206883004,259.4693319799065,178745400.0
2019-08-06,259.2081298828125,259.42430546615407,256.0378386800961,257.50590864289825,120711700.0
2019-08-07,259.3612060546875,260.12676707572143,254.02033705525537,256.14586625780424,140572300.0
2019-08-08,264.4499816894531,264.4499816894531,260.2979805925156,260.8473662533496,87713900.0
2019-08-09,262.6487121582031,264.10776722423486,260.87442269852517,263.51333229255926,93730000.0
2019-08-12,259.4512634277344,262.6395570659091,258.5055607500272,261.1534842703851,65527600.0
2019-08-13,263.4861755371094,264.9272266621899,258.8117815826576,259.1540343170127,94299800.0
2019-08-14,255.69554138183594,260.0547013343165,255.5694641754447,259.4512788383251,135622100.0
2019-08-15,256.37103271484375,257.2626984377654,254.33557434084287,256.5781929304247,99556600.0
2019-08-16,260.1537780761719,260.5860741804113,256.42505926251977,258.0192336041962,83018300.0
2019-08-19,263.28814697265625,263.9636374091486,262.4865792806224,263.16206971711466,53571800.0
2019-08-20,261.27056884765625,263.31504238472087,261.14449165105873,262.783660121407,51596400.0
2019-08-21,263.39617919921875,263.7654230198255,262.73869211921766,263.4231977101356,49524700.0
2019-08-22,263.31512451171875,264.72915753530043,261.54985080842727,264.09871638415376,51666400.0
2019-08-23,256.5512390136719,263.6754138307136,255.30833237879608,262.0182141461367,149161500.0
2019-08-26,259.3882141113281,259.3882141113281,257.20862049623975,258.7307271459625,72423800.0
2019-08-27,258.37054443359375,261.1445734568892,257.6139985597237,260.7753021102791,66668900.0
2019-08-28,260.1898498535156,260.3519609162439,256.91145732757764,257.71305228068184,59696700.0
2019-08-29,263.5132141113281,264.0356085832633,261.7389254473887,262.7386652204971,57899400.0
2019-08-30,263.39617919921875,265.00832949353685,262.46850701004956,264.99032631484863,62901200.0
2019-09-02,263.39617919921875,265.00832949353685,262.46850701004956,264.99032631484863,62901200.0
2019-09-03,261.8561096191406,262.6126556070422,260.5321472688688,261.703013846112,69101400.0
2019-09-04,264.8282470703125,264.8462502511639,263.2701061248375,264.0176641596419,46887300.0
2019-09-05,268.232666015625,269.14230747577426,264.79216261230954,267.3049938922983,83258100.0
2019-09-06,268.4398193359375,269.07930324088835,267.8724306034567,268.5479208659887,49584300.0
2019-09-09,268.57501220703125,269.51167250198444,267.63832442630144,269.4216290978449,51260300.0
2019-09-10,268.5118713378906,268.5749236886284,266.5664561971447,267.81835045130987,57947100.0
2019-09-11,270.4212951660156,270.5023507072399,268.16966073499134,268.8181325505572,68821100.0
2019-09-12,271.35791015625,272.4116593959006,270.56533065094027,271.32187631898194,72908700.0
2019-09-13,271.1778564453125,272.15057796681884,270.8085850793493,271.7993097824489,62104800.0
2019-09-16,270.3402404785156,271.22289107314236,269.70078399410147,270.0520246738491,58191200.0
2019-09-17,271.0247497558594,271.11479314596744,269.97097273102594,270.1420991494671,41475500.0
2019-09-18,271.18682861328125,271.29490265718533,268.6109447952342,270.6374155757433,73375800.0
2019-09-19,271.1688232421875,272.564853068215,270.83558574714397,271.57412843040197,76560500.0
2019-09-20,269.88763427734375,272.0501507115491,269.100451345295,271.7696332635808,89565000.0
2019-09-23,269.8243408203125,270.53915099094377,268.9738141901203,269.2271607855366,43476800.0
2019-09-24,267.70703125,271.2991401437469,266.747931631159,270.9100771613818,94869400.0
2019-09-25,269.2904357910156,269.73378531696477,266.3135933430836,267.7884429245481,71854000.0
2019-09-26,268.7294921875,269.507618203709,267.3270429198188,269.29952886168803,56179700.0
2019-09-27,267.2817077636719,269.588997076313,265.73448553679964,269.48039634070557,84746600.0
2019-09-30,268.5212707519531,269.2270235947452,267.752202002102,267.7974315946719,51662400.0
2019-10-01,265.3272705078125,270.05039396321035,265.1101242932585,269.3989277068557,88242400.0
2019-10-02,260.6404724121094,263.7620888083091,259.3556532089676,263.75303184079075,122539500.0
2019-10-03,262.7758483886719,262.8029916787892,257.7088892026817,260.4142716976358,85278800.0
2019-10-04,266.3316650390625,266.5850115298141,263.37290937944215,263.42722355353567,65091200.0
2019-10-07,265.1826171875,267.15513077570415,264.90212732918155,265.5355075585681,59610500.0
2019-10-08,261.0657653808594,264.06975199172894,261.0295651193753,263.3368554697536,95708100.0
2019-10-09,263.5448913574219,264.47684770935257,262.45007528092935,263.0743985044532,62359400.0
2019-10-10,265.3272705078125,266.2049399418917,263.3004988714615,263.463358532377,55296300.0
2019-10-11,268.0780029296875,270.3038352478275,267.9513434643262,268.06894596333944,98720400.0
2019-10-14,267.7794189453125,268.4308854111592,267.4355855865738,267.7613050131464,40394800.0
2019-10-15,270.43048095703125,271.1724341538124,268.7022850237621,268.8199151174833,46754500.0
2019-10-16,269.9961853027344,270.6838519974688,269.5618927483342,269.9690420180844,48928200.0
2019-10-17,270.79229736328125,271.66090967492937,270.10463099302075,271.154216858744,45736600.0
2019-10-18,269.6070251464844,270.90090060280284,268.75649905050244,270.25849135590266,64304000.0
2019-10-21,271.43487548828125,271.63393547659007,270.4848327697691,270.9191530022715,39048600.0
2019-10-22,270.54815673828125,272.2582390304072,270.4576699114692,271.96869222968974,48594700.0
2019-10-23,271.3353271484375,271.3896137194795,270.08668078906885,270.2947977198641,34352200.0
2019-10-24,271.77862548828125,272.4120055147308,270.95524249897534,272.2672321483224,35453100.0
2019-10-25,272.8916015625,273.43449487557064,271.1543484832142,271.2086350532512,45205400.0
2019-10-28,274.4298095703125,274.9274733563282,274.07694681042267,274.10409009964496,42147000.0
2019-10-29,274.3482971191406,275.27122390029245,274.03160709840614,274.1582941517787,44284900.0
2019-10-30,275.1897888183594,275.56073778143866,273.2444191334657,274.54735182453754,49643900.0
2019-10-31,274.4568786621094,275.18074553352045,273.0092001446827,275.18074553352045,69053800.0
2019-11-01,276.9994201660156,277.0446497636023,275.7326600812259,275.89554738047116,71141500.0
2019-11-04,278.1124267578125,278.68246348752467,277.74145003509966,278.546747031095,60606900.0
2019-11-05,277.8047180175781,278.6100147945176,277.5151712474853,278.31141105889066,42933200.0
2019-11-06,277.8680725097656,278.13950535949533,276.9270592762012,277.8047289739284,46487100.0
2019-11-07,278.84527587890625,280.1753521514452,278.3747830389513,279.1981662183995,54272300.0
2019-11-08,279.5328369140625,279.5871234668853,277.8046413486891,278.5013371850439,49032100.0
2019-11-11,278.9990234375,279.17094007299147,278.0218101817913,278.15755418758573,35797300.0
2019-11-12,279.587158203125,280.48291404868405,278.81806179232484,279.3609550006953,46484600.0
2019-11-13,279.6777038574219,280.07582378648766,278.37477092824327,278.6009741782715,53917700.0
2019-11-14,280.0848388671875,280.16629633222396,278.7638196858961,279.39719979877964,51219900.0
2019-11-15,282.11163330078125,282.1568629025422,280.7272706119639,281.4149096673068,62023600.0
2019-11-18,282.31976318359375,282.55502341704454,281.4240070834595,281.87641361689356,49228000.0
2019-11-19,282.2382507324219,282.9259172980814,281.5958413744846,282.9168603339979,67804700.0
2019-11-20,281.1887512207031,282.165964811224,279.64152858386626,281.65021472804375,79406200.0
2019-11-21,280.7363586425781,281.4059391324079,279.94014628642975,281.29736597532883,54664700.0
2019-11-22,281.3606262207031,281.6139727413129,280.3562971037963,281.4782563218255,44850200.0
2019-11-25,283.5411682128906,283.5411682128906,282.2834928438309,282.2834928438309,48647200.0
2019-11-26,284.18359375,284.3645673561452,283.26069462912875,283.5773846335351,37569000.0
2019-11-27,285.4503173828125,285.4503173828125,284.445960938309,284.6631071478484,44444600.0
2019-11-28,285.4503173828125,285.4503173828125,284.445960938309,284.6631071478484,44444600.0
2019-11-29,284.3917236328125,285.1336767941421,284.165520421141,284.889359653411,36592700.0
2019-12-02,281.9759216308594,284.7084468054774,281.55065843888804,284.64510327178596,75767800.0
2019-12-03,280.0848388671875,280.16629633222396,277.89520698160726,279.27051273112295,73941700.0
2019-12-04,281.81304931640625,282.4102292100744,280.78157685476225,281.1254102128774,49080000.0
2019-12-05,282.31976318359375,282.52788012954665,281.0168301582875,282.50979380878255,40709000.0
2019-12-06,284.8984375,285.2965573907383,284.21077085005226,284.2198278152459,48927000.0
2019-12-09,284.002685546875,285.17893130524726,283.9302850497049,284.5093785762691,34838500.0
2019-12-10,283.68603515625,284.6089345289355,283.03456865414756,283.94843867294895,52649800.0
2019-12-11,284.49127197265625,284.7446184692884,283.60454542809504,284.1383817026879,53429100.0
2019-12-12,286.9432678222656,287.72139352231665,284.2650298511851,284.50026238627146,96389600.0
2019-12-13,287.115234375,288.3367373053921,285.9389610442639,286.70805752730325,81503900.0
2019-12-16,289.0877990722656,289.675922092438,287.0519695013342,288.83445249683575,82749700.0
2019-12-17,289.15106201171875,289.7663281501422,289.06963216510667,289.46775204589784,61097700.0
2019-12-18,289.1690979003906,289.7662776174345,289.11481134544965,289.54007443428276,48133000.0
2019-12-19,290.3544616699219,290.4268621669237,289.1058154172824,289.3591619313905,85310500.0
2019-12-20,291.62744140625,292.754916750099,290.4090343656645,291.3819230502159,147142100.0
2019-12-23,292.072998046875,292.4639738562155,291.92751286814024,292.40942038274756,52990000.0
2019-12-24,292.08209228515625,292.3457581508804,291.78202044007725,292.30030617360654,20270000.0
2019-12-25,292.08209228515625,292.3457581508804,291.78202044007725,292.30030617360654,20270000.0
2019-12-26,293.6368713378906,293.64597283116717,292.45484264705334,292.4639163918748,30911200.0
2019-12-27,293.5641784667969,294.4188865662466,293.0368189631918,294.3643330916827,42528800.0
2019-12-30,291.9457092285156,293.7824354630033,291.46380167904823,293.64605176946776,49729100.0
2019-12-31,292.6548156738281,292.90033397291086,291.09998668959423,291.44551040796875,57077300.0
2020-01-01,292.6548156738281,292.90033397291086,291.09998668959423,291.44551040796875,57077300.0
2020-01-02,295.3917541503906,295.40995713786896,293.26408574966416,294.18244866671154,59151200.0
2020-01-03,293.1549072265625,294.27330849354854,291.96377727279395,292.0183307249933,77709700.0
2020-01-06,294.2734069824219,294.3552371881082,291.29100260562666,291.4092110411044,55653900.0
2020-01-07,293.44598388671875,294.182483506946,293.0004268675797,293.70964975181556,40496400.0
2020-01-08,295.0098571777344,296.2191625683041,293.39137307879764,293.6368636547452,68296000.0
2020-01-09,297.0102844238281,297.08304088810894,295.9828144164329,296.5647551368362,48473300.0
2020-01-10,296.1555480957031,297.74675568148257,295.69184361108466,297.59219676942917,53029300.0
2020-01-13,298.1922912597656,298.20136500493834,296.34649170275594,296.77384567647033,47086800.0
2020-01-14,297.7377014160156,298.80152187526085,297.183037449198,297.7558766573116,62832800.0
2020-01-15,298.41046142578125,299.165136078161,297.56485509579556,297.64668528110525,72056600.0
2020-01-16,300.8928527832031,300.8928527832031,299.55623715723783,299.78355255111995,54050300.0
2020-01-17,301.82928466796875,302.03839699759,300.82909173787345,301.60196935424034,95846000.0
2020-01-20,301.82928466796875,302.03839699759,300.82909173787345,301.60196935424034,95846000.0
2020-01-21,301.23834228515625,302.03849689387584,300.80191449746235,300.87464321259114,77742400.0
2020-01-22,301.274658203125,302.73858343412036,301.1200993097716,302.09298788425326,48914900.0
2020-01-23,301.6202392578125,302.02941805033095,299.51984731959936,300.62914750870215,51963000.0
2020-01-24,298.93792724609375,302.3567597530786,297.6558650559744,302.27492953861935,87578400.0
2020-01-27,294.14617919921875,295.6191788098589,293.38240265105225,293.71882506231367,84062500.0
2020-01-28,297.22857666015625,298.10146014087576,294.237097834905,295.5646121751505,63834000.0
2020-01-29,296.98297119140625,298.8105955905337,296.78293256190744,298.5832802273967,53888900.0
2020-01-30,297.94683837890625,298.1559785391256,294.18250973419447,294.9280831672491,75491800.0
2020-01-31,292.5366516113281,297.4830353636168,291.6273903002229,297.32844873140954,113845600.0
2020-02-03,294.70989990234375,296.5648015533711,293.89156991609985,294.0097783777118,69083000.0
2020-02-04,299.2015686035156,300.0653780748739,297.9831615981231,298.30140865327917,62573200.0
2020-02-05,302.65692138671875,302.8660616260709,300.6656632314643,302.12046016243903,65951100.0
2020-02-06,303.67523193359375,303.86616912063255,302.6022820409575,303.6115769550925,50359700.0
2020-02-07,302.056640625,303.68419851140686,301.51107824895325,302.62037823914807,64139400.0
2020-02-10,304.3116455078125,304.3753004752346,301.1383316131343,301.1747098442984,42070000.0
2020-02-11,304.8389892578125,306.4392704707863,304.31160210077036,305.65731897728693,54864500.0
2020-02-12,306.80303955078125,307.0121519449544,305.9028517615865,306.2665508261337,43992700.0
2020-02-13,306.4757080078125,307.4395230692545,305.11181562858764,305.384583005048,54501900.0
2020-02-14,306.9666748046875,307.084883234379,305.6937143088903,306.88484460300674,64582200.0
2020-02-17,306.9666748046875,307.084883234379,305.6937143088903,306.88484460300674,64582200.0
2020-02-18,306.17559814453125,307.03030607184627,304.7935030713638,305.97555952859676,57226200.0
2020-02-19,307.6394958496094,308.31234039976835,306.8575443722306,307.13941318370024,48814700.0
2020-02-20,306.37567138671875,307.91232553087383,303.4023685434506,307.0939679878166,74163400.0
2020-02-21,303.220458984375,305.33902553887464,302.4021016407909,305.0298800362003,113788200.0
2020-02-24,293.16400146484375,303.2931565670272,292.09105218508665,293.8186706234883,161088400.0
2020-02-25,284.2805480957031,295.155305787831,283.4076649920906,294.5461162383918,218913200.0
2020-02-26,283.2349548339844,289.2451599784566,282.5075567395727,285.671768973568,194773800.0
2020-02-27,270.5143737792969,283.28948562315003,270.5143737792969,277.7429854148297,284353500.0
2020-02-28,269.3777770996094,270.8598775435434,259.63049429346006,262.5037634964114,384975800.0
2020-03-02,281.04364013671875,281.1072951028056,267.7411396475447,271.15087035057456,238703600.0
2020-03-03,272.9966735839844,285.3626359732163,270.5689608318298,281.41644425276655,300139100.0
2020-03-04,284.4715270996094,284.6897687189938,275.8062664944297,278.3431137377837,176613400.0
2020-03-05,275.0152282714844,280.4798988206558,272.78755422327566,277.3065850334191,186366800.0
2020-03-06,270.4689636230469,271.669195665043,263.895019628656,266.550048117172,228667200.0
2020-03-09,249.34683227539062,258.4030705400549,248.63760929831085,250.31972115208356,309417300.0
2020-03-10,262.2492370605469,262.3401410197597,248.68304208033334,258.81222939877176,276444100.0
2020-03-11,249.46495056152344,256.3571676833108,246.30073857018888,255.22969239890026,255316300.0
2020-03-12,225.59686279296875,242.46366575529143,225.2058731481479,232.7709352018375,392220700.0
2020-03-13,244.88232421875,246.8463324718078,225.96968144230854,239.21761484421114,329566100.0
2020-03-16,218.08639526367188,233.58929408558546,215.82232893733405,219.29570095436807,297240000.0
2020-03-17,229.86129760742188,232.92551813203102,215.55861886674538,222.80541986754847,262070500.0
2020-03-18,218.2227783203125,225.83329327447962,207.32982852060815,214.81304740905762,327597100.0
2020-03-19,218.6864776611328,224.93311358035257,211.14870595523684,217.5408131695705,289322000.0
2020-03-20,209.26234436035156,223.59425218036205,208.98795912832034,221.81991016314782,347158800.0
2020-03-23,203.91188049316406,210.0671893215918,199.6223661157914,208.70443213492814,326025200.0
2020-03-24,222.386962890625,223.2558517852743,213.8353851846469,214.40243776362843,235494500.0
2020-03-25,225.71615600585938,234.45982229383785,219.27732029095014,223.96010990179323,299430300.0
2020-03-26,238.8956298828125,240.35898040936877,227.78313388518464,228.21300077805662,257632800.0
2020-03-27,231.78004455566406,238.5389996506647,229.61242724910792,231.64285888657156,224341200.0
2020-03-30,239.3072509765625,240.02064431878614,231.88063620581642,233.8653344995222,171369500.0
2020-03-31,235.74024963378906,240.84375080740338,234.3409002868605,238.31029629114397,194881100.0
2020-04-01,225.1307830810547,235.65793147048535,223.07291481173678,226.80451761479742,189554600.0
2020-04-02,230.32579040527344,231.1031990211072,223.70402184860143,224.25279236456615,177660400.0
2020-04-03,226.9966278076172,231.688572678805,224.28024014069945,229.34716379458789,135561200.0
2020-04-06,242.24310302734375,244.20037788059636,226.9783046122972,235.82256381439876,188061200.0
2020-04-07,242.49008178710938,251.5446975810157,242.27058474607313,250.79471214197147,201427200.0
2020-04-08,250.630126953125,252.4319065328866,242.59986669510207,245.07844752732382,153774500.0
2020-04-09,254.44393920898438,257.18776301967097,251.9470494930767,253.87685884234907,189999200.0
2020-04-10,254.44393920898438,257.18776301967097,251.9470494930767,253.87685884234907,189999200.0
2020-04-13,252.12091064453125,253.81294146989543,248.23382562674,253.4745408871483,114839100.0
2020-04-14,259.5566711425781,260.5718728557948,251.98371629741587,256.98662431123626,134143400.0
2020-04-15,254.04159545898438,259.6938677231057,251.9379797452276,253.86781765923317,121775000.0
2020-04-16,255.26719665527344,256.1177757239409,252.21240810863327,255.31291590822602,131798300.0
2020-04-17,262.1632995605469,262.76691639123914,258.2853419351938,261.0108843332455,146684800.0
2020-04-20,257.5444641113281,262.3004368896552,257.32496712241556,258.4773542258276,100109300.0
2020-04-21,249.7246551513672,254.2976965983367,248.79173683274226,253.09956197216107,126385700.0
2020-04-22,255.26719665527344,257.0049469419496,253.26420213122947,254.5812403911935,92951600.0
2020-04-23,255.2488250732422,259.69383510664437,254.94701667094412,256.5384258881297,104709700.0
2020-04-24,258.806640625,259.47431454865233,254.71834153135325,256.7579275278854,85063200.0
2020-04-27,262.53826904296875,263.6540921481232,260.31577784625483,260.77308193998005,77896600.0
2020-04-28,261.3310546875,266.5168684172385,261.02921830056937,266.1693127773217,105270000.0
2020-04-29,268.1722106933594,269.69961837336587,265.61131939279846,266.6356759130228,118745600.0
2020-04-30,265.6753845214844,268.2728683089117,263.94676172651174,266.8003346785692,122901700.0
2020-05-01,258.64202880859375,265.839989989389,257.4804586743474,260.9468311402784,125180000.0
2020-05-04,259.3554382324219,259.6572466389891,255.2945758379468,256.7670815529989,80873200.0
2020-05-05,261.751708984375,264.5504076936841,259.4834707215646,262.16329381700166,79569900.0
2020-05-06,259.9773864746094,263.82787926465915,259.54751949484415,263.44375944285997,73632600.0
2020-05-07,263.11444091796875,265.0351234329796,262.6114176478668,263.1784701811811,75250400.0
2020-05-08,267.468017578125,267.9344766802259,265.1083128503956,266.2332909565574,76452400.0
2020-05-11,267.52294921875,268.8948617788462,265.12667974630995,265.5473917828157,79514200.0
2020-05-12,262.190673828125,269.1142348105391,262.05346030605693,268.7026779791938,95870800.0
2020-05-13,257.5536193847656,262.6662747752704,255.13904085778958,261.63276326538846,144721100.0
2020-05-14,260.6358947753906,260.7639254068416,249.67887870539946,255.1299635672098,121977900.0
2020-05-15,261.8340759277344,261.8797951803383,257.31590846985506,258.25795394887507,111146300.0
2020-05-18,269.8093566894531,271.4099206698143,267.7057694799125,268.0258599466881,119703800.0
2020-05-19,267.03814697265625,270.9160766593907,267.0198648575471,269.2149188705736,95189300.0
2020-05-20,271.57470703125,272.4344412916159,270.3308528146749,270.559504949631,85861700.0
2020-05-21,269.6996765136719,272.2514412639975,268.6112904984,271.4465815641365,78293900.0
2020-05-22,270.2118225097656,270.3856002837618,268.18139138715867,269.4161179191645,63958200.0
2020-05-25,270.2118225097656,270.3856002837618,268.18139138715867,269.4161179191645,63958200.0
2020-05-26,273.5409240722656,276.3853692137615,270.23004787208464,276.14756222315674,88951400.0
2020-05-27,277.6109313964844,277.64752352729266,271.51963950712303,276.32133092376387,104817400.0
2020-05-28,277.09881591796875,280.6383447830718,276.4311419598092,278.6353508202171,90405200.0
2020-05-29,278.3335876464844,278.91892240887853,273.89773207862925,276.63240179778086,119090800.0
2020-06-01,279.45849609375,280.06214079412035,277.18113083769884,277.6933091449905,55758300.0
2020-06-02,281.7724914550781,281.8182386135936,279.04697679082,280.3731419784623,74267200.0
2020-06-03,285.52239990234375,286.473600307981,283.47368633170566,283.7480576450486,92567600.0
2020-06-04,284.7724304199219,286.2724014480952,282.68712458654153,284.54377834208793,75794400.0
2020-06-05,292.07098388671875,293.83617104202,290.0771446777787,290.14117395158814,150524700.0
2020-06-08,295.6013488769531,295.79340876256344,292.3361912634575,292.87580669268345,73641200.0
2020-06-09,293.397216796875,295.6745826285939,292.08930565964937,292.9490397309873,77479200.0
2020-06-10,291.760009765625,294.86054489707874,291.04661650084495,293.9733738449627,95000800.0
2020-06-11,274.9403076171875,285.4948921415013,274.3915651262568,284.86381036530884,209243600.0
2020-06-12,278.2329406738281,282.68707794933687,273.1020022913101,281.9188104439579,194678900.0
2020-06-15,280.8304748535156,281.95545314075946,271.4008652615078,272.57156280032103,135782700.0
2020-06-16,286.2357482910156,288.68691925578287,281.3974914516678,288.5405786077651,137627500.0
2020-06-17,285.0467834472656,287.5436737805925,284.3150801698456,287.25099246962446,83398900.0
2020-06-18,285.1565246582031,285.63211084262696,283.08037422942215,283.53767829923845,80828700.0
2020-06-19,283.5269775390625,288.79992338216664,281.5886468186653,288.6070182508111,135549600.0
2020-06-22,285.3458251953125,285.74083072241143,281.7907193825039,282.9298155199833,74649400.0
2020-06-23,286.659423828125,288.91008594994315,286.25522305494576,287.9822576249924,68471200.0
2020-06-24,279.3470764160156,285.24471199491313,277.5190059080618,284.62921561406836,132813500.0
2020-06-25,282.3419189453125,282.6083304223183,276.7658087065028,278.77761765240314,89468000.0
2020-06-26,275.63580322265625,281.4599607492552,275.05708801773886,281.24866508004715,127961000.0
2020-06-29,279.68701171875,279.82480106993296,274.6069720524608,276.88519211835774,79773300.0
2020-06-30,283.2696533203125,284.95996268018115,279.09907976025323,279.25523166814565,113394800.0
2020-07-01,285.2539367675781,286.51248764873316,283.9219356089049,284.3812521535075,72396500.0
2020-07-02,286.82476806640625,290.01242543532555,286.1633512394865,288.6712011809494,69344200.0
2020-07-03,286.82476806640625,290.01242543532555,286.1633512394865,288.6712011809494,69344200.0
2020-07-06,291.2526550292969,291.8313984510452,289.88390048446837,290.62799115972723,61713800.0
2020-07-07,288.2486572265625,291.6843356231875,287.87201433816693,289.71847561105767,82910000.0
2020-07-08,290.4533386230469,290.5635700836482,287.2565141278047,289.01107826646074,54638600.0
2020-07-09,288.7997741699219,291.2984564209568,285.4008217135947,291.05960293018705,83354200.0
2020-07-10,291.74859619140625,292.0150075609081,287.3116119717187,288.7354816399287,57550400.0
2020-07-13,289.222412109375,296.45204937769444,288.57019052506786,294.081988558485,102997500.0
2020-07-14,292.9703674316406,293.74201557346794,286.6134164997587,287.8076278547291,93657000.0
2020-07-15,295.66204833984375,296.75522389579646,293.2919594068963,296.176480597415,87196500.0
2020-07-16,294.6882629394531,295.13838410027176,293.1265757580528,293.769630017324,54622500.0
2020-07-17,295.5426025390625,296.32344617655446,293.7236991518469,295.6895871795454,62774900.0
2020-07-20,297.9310607910156,298.6751512770174,294.53210748290684,295.27619796890855,56308800.0
2020-07-21,298.5649719238281,300.3287318894932,297.582027715605,299.88780591530656,57292200.0
2020-07-22,300.26434326171875,300.5767031253431,298.09638302353903,298.2066144886055,57792900.0
2020-07-23,296.6817321777344,300.6043133781374,295.32217315904694,299.9061432651097,75738000.0
2020-07-24,294.77093505859375,295.7906041405015,293.27355891752757,294.83524609108844,73766600.0
2020-07-27,296.9205322265625,297.0950747233561,294.6698703686147,295.45990925427805,48293000.0
2020-07-28,295.0373840332031,297.3064087498554,294.7434147338862,296.19484259327356,57495000.0
2020-07-29,298.6658630371094,299.226243569711,295.8732117411409,295.90996489928995,48454200.0
2020-07-30,297.6003723144531,298.0137684247476,293.63189861413105,295.7079903642907,61861700.0
2020-07-31,299.9519958496094,300.0530600436379,295.1842889920088,299.38244795338665,84986800.0
2020-08-03,302.03741455078125,302.7998677637253,301.0636656116189,301.60565582987266,53077900.0
2020-08-04,303.2040710449219,303.2040710449219,301.1830667958323,301.1830667958323,41917900.0
2020-08-05,305.08709716796875,305.344341240938,304.2327754722774,304.4991868089629,42697700.0
2020-08-06,307.1264953613281,307.24592211226786,304.1868871868465,304.5084142775808,43679400.0
2020-08-07,307.3470764160156,307.631850428163,305.2617613816024,306.16203189273534,57308300.0
2020-08-10,308.2657165527344,308.4494263523326,305.8680695802584,307.79720470001274,44282100.0
2020-08-11,305.7210693359375,310.0754090778702,304.99536940766205,309.4415500274836,69601100.0
2020-08-12,309.9835205078125,310.755168860554,308.11869664674026,308.1462545152505,53774400.0
2020-08-13,309.4231262207031,310.72759735332505,308.50449326474353,309.22102584901387,41816100.0
2020-08-14,309.432373046875,309.96519594934904,308.3116395326056,309.03736753830617,47260400.0
2020-08-17,310.41534423828125,310.8103497812543,309.4415953007634,310.442902112571,35481000.0
2020-08-18,311.0859680175781,311.50853145040617,309.2211156622591,310.81036123006845,38733900.0
2020-08-19,309.79058837890625,311.9769111702149,309.23020772218825,311.4624789799715,68054200.0
2020-08-20,310.755126953125,311.2328059543693,307.9441126063458,308.07270663056715,42207800.0
2020-08-21,311.8575744628906,312.0780374355691,310.0845912760767,310.4245090715658,55106600.0
2020-08-24,315.0176086425781,315.0910869399419,311.8299513355394,314.28268549668286,48588700.0
2020-08-25,316.11993408203125,316.20260767497933,314.42045769067664,315.5779440608495,38463400.0
2020-08-26,319.28936767578125,319.55575113534167,316.16602021071253,316.708010467888,50790200.0
2020-08-27,319.9873352050781,321.4295953586552,318.33380745990297,320.15271040715317,58034100.0
2020-08-28,322.0543212890625,322.18294335620885,319.8220499903276,321.0070943234452,48588900.0
2020-08-31,320.88763427734375,322.71570465324675,320.65797606793086,321.8430202781473,66099200.0
2020-09-01,323.9099426269531,324.01097878208003,320.82332172916597,321.71439669884074,54908700.0
2020-09-02,328.594970703125,329.559523949686,324.67239062235956,325.811514381806,69540000.0
2020-09-03,317.2866516113281,327.38241887389745,314.71446250184243,326.91390709312424,148011100.0
2020-09-04,314.69610595703125,319.52809635719643,307.62262081365446,317.96643711549046,139156300.0
2020-09-07,314.69610595703125,319.52809635719643,307.62262081365446,317.96643711549046,139156300.0
2020-09-08,306.0977478027344,314.7604798192922,305.7946111946916,309.3129638670282,114465300.0
2020-09-09,312.142333984375,314.5950685448863,309.2210595597669,310.0845768752643,91462300.0
2020-09-10,306.7223815917969,314.6593560242993,305.76699543534016,314.0071344529514,90569500.0
2020-09-11,306.8785095214844,309.5517346698308,304.0674950426978,308.4953124238538,84680200.0
2020-09-14,310.9206237792969,312.6844120783196,307.0256274968043,310.02954834284395,65605700.0
2020-09-15,312.4914855957031,314.19093468394027,310.9297978538796,313.364170364224,52920900.0
2020-09-16,311.251220703125,315.1462154132683,310.97561399935194,313.7223455643582,82096000.0
2020-09-17,308.513671875,310.2223436585627,305.89556248526213,306.4191899701,91523300.0
2020-09-18,304.9619140625,309.4258928149711,302.49012905972876,309.3152200755453,105877900.0
2020-09-21,301.56781005859375,301.71538308915785,296.73491293099994,300.3964860710057,99450800.0
2020-09-22,304.6390380859375,305.19242981762375,300.54397867680115,303.043459504694,63612100.0
2020-09-23,297.57415771484375,305.4691302783531,297.07610235711314,305.19242034775965,93112200.0
2020-09-24,298.3673400878906,301.41095239116913,294.95478119915913,296.26447402550286,76681300.0
2020-09-25,303.1910095214844,303.97495058970566,296.65183428543304,297.51877988511285,71069400.0
2020-09-28,308.22686767578125,308.9370364423363,306.3453468665424,307.3322255987747,64584600.0
2020-09-29,306.5483093261719,308.7618487014727,305.8565765122229,308.0240116252658,51304000.0
2020-09-30,308.87249755859375,312.0083468241908,307.0186449225947,307.2123221968008,104081100.0
2020-10-01,310.85546875,312.4233793586627,308.9831799827863,311.4549648105674,88698700.0
2020-10-02,307.90411376953125,310.82785024751803,305.4599967339983,305.9303840651186,89431100.0
2020-10-05,313.3641357421875,313.54858090194296,309.9054723466813,309.95157659995147,45713100.0
2020-10-06,308.909423828125,315.5869704435292,308.40216435314886,313.5025398765093,90128900.0
2020-10-07,314.28643798828125,315.08884337216455,311.82385732877054,311.85152550936397,56999600.0
2020-10-08,317.0718078613281,317.1363763322467,315.30095984570346,316.21406610772175,45242500.0
2020-10-09,319.9033203125,320.3644754439447,318.09560007830606,318.7135321923036,59528600.0
2020-10-12,325.0497741699219,326.51624399741416,321.9415933267458,322.4304166025766,80388500.0
2020-10-13,322.92852783203125,325.08673067665825,321.9693171855265,324.9114894581619,73255500.0
2020-10-14,320.8994140625,324.5886552411015,320.1708091953333,323.50033584861643,57727900.0
2020-10-15,320.5028381347656,320.98242937125696,316.4723465155033,317.0072741197945,60357700.0
2020-10-16,320.30914306640625,323.500328734651,320.1339018625422,321.8493854624627,89501900.0
2020-10-19,315.4393005371094,322.19058938218416,314.54465857388607,321.5634252410943,68425600.0
2020-10-20,316.7029113769531,319.9309973867883,316.02041077038155,316.7766838154975,60051900.0
2020-10-21,316.10345458984375,318.8150494267142,315.79907639467757,316.65681831436444,63575000.0
2020-10-22,317.83734130859375,318.4184013053326,314.1850003748197,316.3155349317443,55399300.0
2020-10-23,318.9164123535156,319.1100896099065,316.47229601014976,319.05475325093767,49143900.0
2020-10-26,313.0228576660156,316.33394775174224,309.54573036057326,315.54997848902946,91473000.0
2020-10-27,311.94378662109375,313.69617053832854,311.73164512212657,313.36415234517256,65994100.0
2020-10-28,301.2818603515625,311.9714324418126,300.793037060004,306.29923020856904,127094300.0
2020-10-29,304.3439636230469,307.49824909412393,299.83385273532434,301.5124642403669,90597700.0
2020-10-30,301.17120361328125,304.07647533605143,297.5372988957393,302.77601447703177,120287300.0
2020-11-02,304.5469665527344,306.53913264808244,301.8169069543819,304.5469665527344,86068300.0
2020-11-03,309.9239196777344,311.9714496081248,304.62986772162367,307.76571701813515,93294200.0
2020-11-04,316.85052490234375,320.9086850612525,313.2073875383157,314.3787116216634,126959700.0
2020-11-05,323.0298767089844,324.8283926420073,321.75708428212755,322.1075666195716,82039700.0
2020-11-06,322.9561462402344,324.20127065202445,320.6411386081411,322.74400475930975,74973000.0
2020-11-09,327.0143737792969,336.07146867931255,326.55321857844086,335.693318037009,172304200.0
2020-11-10,326.5346984863281,327.5861174374779,323.2789447318522,326.02741100790297,85552000.0
2020-11-11,328.96044921875,329.78129080470626,327.47551489956834,328.7114074071208,58649000.0
2020-11-12,325.7691650390625,329.0064827205813,323.9706771078529,327.95503562356157,67546200.0
2020-11-13,330.2792663574219,331.01710320984637,327.1526214762621,327.6691129022936,62892200.0
2020-11-16,334.4020080566406,334.5956853129893,331.6535135928725,332.9355382509408,74541100.0
2020-11-17,332.60357666015625,333.8025970851637,330.5007100442092,332.0040805209926,66111000.0
2020-11-18,328.6007080078125,333.41516883301097,328.56380771525403,332.87100914114745,70591300.0
2020-11-19,329.9842224121094,330.3531409524172,326.63623106912223,327.9735924427535,59940900.0
2020-11-20,327.7245178222656,329.92885302572876,327.6507453802579,329.7259436268605,70417300.0
2020-11-23,329.6890563964844,330.94341313374053,327.30027592000744,329.52304728538064,63230600.0
2020-11-24,335.0015869140625,335.54574667619727,331.3769137723778,332.22542358406326,62415900.0
2020-11-25,334.4850769042969,334.94623208204837,333.3967574400062,334.9185638972504,45330900.0
2020-11-26,334.4850769042969,334.94623208204837,333.3967574400062,334.9185638972504,45330900.0
2020-11-27,335.4165954589844,335.88695456701845,334.41125247407854,335.57337244610363,28514100.0
2020-11-30,333.93170166015625,334.90934843385025,331.26623923653534,334.64187053638915,83872700.0
2020-12-01,337.583984375,339.1150227531008,336.57866958962217,337.16896165443563,74231400.0
2020-12-02,338.29412841796875,338.45090537235035,335.90534864392777,336.47717640069897,45927000.0
2020-12-03,338.2020568847656,339.58552270589394,337.10450508160244,338.1928247723525,62882000.0
2020-12-04,341.1164855957031,341.1164855957031,338.69080489293344,338.783041556463,50749900.0
2020-12-07,340.4154968261719,340.9043201472094,339.15193624990565,340.3509283515672,48944300.0
2020-12-08,341.41156005859375,341.97415573878243,339.10578468731796,339.15188893607467,42458900.0
2020-12-09,338.3495178222656,342.2232039496902,337.5194442340086,342.0664269707274,74098300.0
2020-12-10,338.23883056640625,339.28101745162724,336.1175002134625,336.9844740552152,57735400.0
2020-12-11,337.8421936035156,338.2480123175463,335.0383910387043,336.55096503463255,57698600.0
2020-12-14,336.32965087890625,341.0703108111561,336.1544096839779,340.0004557165168,69216200.0
2020-12-15,340.8766174316406,340.8766174316406,337.49175481944405,338.8567558775116,63865300.0
2020-12-16,341.41156005859375,342.32463809868386,340.2125399775271,341.0887458772807,58420500.0
2020-12-17,343.3207092285156,343.52361858028996,342.22315793664603,343.0440274518557,64119500.0
2020-12-18,341.949951171875,343.7746487031401,339.94926543201143,343.60793195814915,136542300.0
2020-12-21,340.7272644042969,350.5454322565791,335.3272876322013,338.05044054116735,96386700.0
2020-12-22,340.153076171875,341.1626764801447,339.0323313550487,341.0515319715881,47949000.0
2020-12-23,340.4586181640625,342.35740206193293,340.1344279636178,341.1162417592624,46201400.0
2020-12-24,341.78314208984375,341.8109282065022,340.34747895141084,340.93098740123696,26457900.0
2020-12-25,341.78314208984375,341.8109282065022,340.34747895141084,340.93098740123696,26457900.0
2020-12-28,344.7193603515625,345.1083660073762,343.70048890382196,344.3210549674562,39000400.0
2020-12-29,344.061767578125,346.41442964061537,343.47823072745575,346.2384414390911,53680500.0
2020-12-30,344.552734375,345.58087763947617,344.1637285848336,344.87692471124603,49455300.0
2020-12-31,346.30328369140625,347.02575115427703,343.8487486102848,344.3581702862446,78520700.0
2021-01-01,346.30328369140625,347.02575115427703,343.8487486102848,344.3581702862446,78520700.0
2021-01-04,341.5887451171875,347.75751932664036,337.9115637845254,347.6278318976167,110210800.0
2021-01-05,343.94134521484375,345.0250605268472,340.9032733293273,340.949602377982,66426200.0
2021-01-06,345.9976501464844,349.17468134346575,341.8944053169438,342.44088464548366,107997700.0
2021-01-07,351.1382141113281,351.87919612243684,348.1835009953903,348.3594891696927,68766800.0
2021-01-08,353.1389465332031,353.351964049799,349.28577737519294,352.51835210952186,71677200.0
2021-01-11,350.7584533691406,352.509035392322,349.8599978362601,349.9804137736542,51034700.0
2021-01-12,350.83258056640625,351.8421806908139,348.60033453721564,350.94375332137713,52547700.0
2021-01-13,351.7774353027344,352.7684926986767,349.9805236727166,350.758563512519,45303600.0
2021-01-14,350.54547119140625,353.0185492874925,350.2120377042884,352.51837079015854,49989100.0
2021-01-15,347.989013671875,349.7303243022452,346.13653029489757,348.9337700181384,107160000.0
2021-01-18,347.989013671875,349.7303243022452,346.13653029489757,348.9337700181384,107160000.0
2021-01-19,350.72149658203125,351.2587327237774,348.9616425912402,350.43436384879664,51233300.0
2021-01-20,355.5749816894531,356.40859366437286,352.6109965934532,353.00000232397593,61836100.0
2021-01-21,355.899169921875,356.55682200681423,354.98219950859266,356.1307303912218,47840100.0
2021-01-22,354.639404296875,355.79720634900036,353.6761050748442,354.0558675399395,52860500.0
2021-01-25,356.03814697265625,356.39009516001715,350.54551087699815,355.3712516562635,70402000.0
2021-01-26,355.4822998046875,357.390355390859,355.2507393863011,356.9828067931668,42665300.0
2021-01-27,346.7942199707031,352.26831278333765,344.57124514864984,352.1756829435316,123351100.0
2021-01-28,349.7767028808594,353.7595313987344,348.1650511599813,348.6003576792307,94198100.0
2021-01-29,342.77435302734375,348.8875553332174,341.1071006166545,347.9242558248188,126765100.0
2021-02-01,348.4800109863281,349.50812595911594,343.06149005048155,346.155134700123,75817600.0
2021-02-02,353.407470703125,354.9543066103931,348.56324523222656,351.64761731879656,64450700.0
2021-02-03,353.6853942871094,355.3989470635839,352.4164476969592,354.2318734911407,52427100.0
2021-02-04,357.70526123046875,357.7515620058104,353.79652037881107,354.7134905571275,47142600.0
2021-02-05,359.11322021484375,359.8171730670878,357.6590419911168,359.5670979432602,48669800.0
2021-02-08,361.70672607421875,361.75302686161535,359.7060402188195,360.55816692019795,38365200.0
2021-02-09,361.4658203125,362.0586285633891,360.46549172244113,360.8730120616109,35551100.0
2021-02-10,361.3083190917969,363.34606196471054,358.91862814688085,363.19785991334857,59154400.0
2021-02-11,361.8918762207031,362.7996032364326,359.4743990216484,362.3827831768322,42913300.0
2021-02-12,363.6795349121094,363.920338519712,361.0211976334396,361.09531279474186,50593300.0
2021-02-15,363.6795349121094,363.920338519712,361.0211976334396,361.09531279474186,50593300.0
2021-02-16,363.3646240234375,365.09671982469814,362.6514280582041,364.90218870691695,50972400.0
2021-02-17,363.4480285644531,363.69810367108147,360.6137026893847,361.62333111241526,52290600.0
2021-02-18,361.9012145996094,362.6421967685174,359.1410037271101,360.8545567926999,59712800.0
2021-02-19,361.2620849609375,363.43875882521473,360.8174787248331,363.15162613106077,83241000.0
2021-02-22,358.4833679199219,360.88233082469856,358.21474987936415,358.5111540436584,67414200.0
2021-02-23,358.91864013671875,360.26170183872983,352.15708738402975,356.2881172371343,107284100.0
2021-02-24,362.8737487792969,363.2998403698214,356.85317693048404,357.83499100141944,72433900.0
2021-02-25,354.1300048828125,362.9756307811768,352.6943414403151,361.614054243243,146670500.0
2021-02-26,352.3053283691406,357.14031184524765,350.3324570181541,356.0010524866953,152701600.0
2021-03-01,360.8453369140625,362.0865260377389,352.49991592373885,357.14964047165864,105348800.0
2021-03-02,358.0295104980469,361.29914289591414,357.52933201527884,361.0675824477177,79595300.0
2021-03-03,353.2872009277344,358.29814477451754,353.18529961920825,357.3348735423533,119940200.0
2021-03-04,348.91522216796875,355.676774544047,344.4507308701646,353.10182402567017,183433000.0
2021-03-05,355.33416748046875,356.38082529964976,345.15477853579273,352.3979683617633,152039600.0
2021-03-08,353.56500244140625,359.0853953645612,353.2871412226747,356.28815545159534,123149200.0
2021-03-09,358.613037109375,361.15093050380403,356.89021272533046,357.39039119381505,113633600.0
2021-03-10,360.8453369140625,362.5311040959759,359.53936060132963,360.947238230183,109899400.0
2021-03-11,364.50390625,366.4675341915617,362.8459256414853,363.29980330973046,86245000.0
2021-03-12,364.9948425292969,365.1337731463777,362.3458045414346,363.15163038715974,64653600.0
2021-03-15,367.1715087890625,367.4308553577761,363.11456525466946,365.24491005005603,73427200.0
2021-03-16,366.7084045410156,368.4867730167218,365.93960799649045,367.7828484506394,73722500.0
2021-03-17,367.95880126953125,368.75535559488856,364.2908636411773,365.43015115301284,97959300.0
2021-03-18,362.6051025390625,367.45859988992873,361.92893593764336,365.38382757505207,115349100.0
2021-03-19,361.93414306640625,363.8763249813413,359.76891580196445,362.3058475032764,113624500.0
2021-03-22,364.8241882324219,366.1995258918092,362.3894914731642,362.4452457226715,73778600.0
2021-03-23,361.9527587890625,365.6326813357805,361.172170876682,364.19231584732245,90686600.0
2021-03-24,360.11279296875,364.9729135223698,360.0663405424219,363.3466815716018,97588600.0
2021-03-25,362.138671875,362.9285333586431,356.74885698652554,358.6817658979914,116128600.0
2021-03-26,367.9745178222656,368.3740994757526,362.68693802860713,363.28165959392123,114409100.0
2021-03-29,367.7886047363281,368.69000297943103,365.02865575356833,366.50620018848747,108107600.0
2021-03-30,366.81292724609375,367.4820067384965,365.22384572711366,366.52485411067954,76262200.0
2021-03-31,368.2997131347656,369.85161555750506,367.35186241979716,367.379739547907,112734200.0
2021-04-01,372.2770080566406,372.3327906716872,370.01887561856495,370.22331734295256,99682900.0
2021-04-02,372.2770080566406,372.3327906716872,370.01887561856495,370.22331734295256,99682900.0
2021-04-05,377.6203918457031,378.1593875358287,374.85116890824196,374.92549847279105,91684800.0
2021-04-06,377.3973083496094,378.43809222549146,376.72822894950895,377.062782829176,62021000.0
2021-04-07,377.833984375,378.17781164715467,376.77462543807,377.2299611920882,55836300.0
2021-04-08,379.6275939941406,379.6833482520154,378.1500494419872,379.07932488554803,57863100.0
2021-04-09,382.3875732421875,382.55486438819275,379.3860314735494,379.50684182818276,61104600.0
2021-04-12,382.5269470214844,382.796416474297,381.1887881496238,381.79281150001924,56704900.0
2021-04-13,383.6607666015625,384.2833938225052,382.04383589651707,382.4248423512365,56551000.0
2021-04-14,382.3503723144531,384.68283426978144,381.81137670460754,383.6327485367833,61659900.0
2021-04-15,386.4577331542969,386.72723094490885,384.4319197085877,384.4783721321406,60229800.0
2021-04-16,387.7494812011719,388.35350456848977,386.3276909048911,387.7401793717676,82037300.0
2021-04-19,385.8444519042969,387.2662422093501,384.52489664561284,386.82020814297175,78498500.0
2021-04-20,383.01947021484375,385.73293861586444,381.55119913988244,384.63640040393466,81851800.0
2021-04-21,386.64361572265625,386.8480574414504,382.26670824654997,382.4061222414996,66793000.0
2021-04-22,383.1123962402344,387.30343777713887,382.05303692792,386.4763973374381,97582800.0
2021-04-23,387.2662658691406,388.6694809602353,383.5956446305461,383.66997419307154,73209200.0
2021-04-26,388.0746765136719,388.6415492403517,387.33126755588586,387.9167155807785,52182400.0
2021-04-27,387.9910583496094,388.56723292463965,386.8573412168641,388.37206467020457,51303100.0
2021-04-28,387.8795471191406,389.375695263148,387.4149094181452,388.260553437065,51238900.0
2021-04-29,390.35137939453125,390.9647044942961,386.9874073533742,390.59300004695626,78544300.0
2021-04-30,387.7866516113281,388.93897250611576,386.89455507926465,388.0933284049745,85527000.0
2021-05-03,388.623046875,390.14704403223993,388.13053196720887,389.7660376531201,68128300.0
2021-05-04,386.2254638671875,387.13616403136706,382.55484279938787,386.6436491697438,101591200.0
2021-05-05,386.3461608886719,388.09320278627035,385.78859010189365,387.8608839883818,60162200.0
2021-05-06,389.4314270019531,389.56151080390845,384.42261926239445,386.420555589309,74321400.0
2021-05-07,392.2657470703125,392.9162512267745,389.5150996883385,390.1934809738354,67733800.0
2021-05-10,388.38128662109375,392.84179632083254,388.26047630535754,392.61877934361434,81852400.0
2021-05-11,384.9152526855469,385.90028258953083,381.0587644736202,383.88377034352743,116888000.0
2021-05-12,376.7375793457031,383.4097705495694,375.4272975032886,382.14596949714075,134811000.0
2021-05-13,381.26312255859375,383.1867295062854,378.23367557967265,378.2801563667472,106394000.0
2021-05-14,387.1175842285156,387.9632283561021,383.95805312758887,383.98593025886146,82201600.0
2021-05-17,386.13250732421875,386.94100075093894,384.12526903982337,386.0117253429356,65129200.0
2021-05-18,382.8056945800781,386.6343045309309,382.6477052906037,386.3926838620524,59810200.0
2021-05-19,381.8021240234375,381.9786886398152,376.66323156600845,378.1408045892193,106467100.0
2021-05-20,385.90948486328125,387.1640123182548,382.5548143000937,382.6755962796749,78022200.0
2021-05-21,385.5934753417969,388.62292173833475,385.1381395432608,387.3869697719797,76578700.0
2021-05-24,389.5244140625,390.59307518890176,387.5822033599882,387.82382405889604,51376700.0
2021-05-25,388.66015625,390.95546775246584,388.084010006822,390.6023385429732,57451400.0
2021-05-26,389.4314270019531,389.93321527136624,388.21407856446984,389.2455605886077,43088600.0
2021-05-27,389.6358642578125,390.9647211844155,389.3570646409822,390.453631092409,56707700.0
2021-05-28,390.33282470703125,391.4572399363522,390.10050587027376,391.19704397355315,58520200.0
2021-05-31,390.33282470703125,391.4572399363522,390.10050587027376,391.19704397355315,58520200.0
2021-06-01,389.9890441894531,392.8233229944938,389.5522835895408,392.68393734755085,54216600.0
2021-06-02,390.602294921875,391.43866542326464,389.63586897767476,390.639473876416,49097100.0
2021-06-03,389.1527099609375,390.2864272607624,386.8388229277106,388.29779234029263,58138800.0
2021-06-04,392.7117919921875,393.0091669281305,389.21770739294345,390.99262682035794,55938800.0
2021-06-07,392.3307189941406,392.8789879870348,391.40144374668,392.70242342127887,51555000.0
2021-06-08,392.4143981933594,393.2786174726193,390.5930264269201,393.18568426469994,47134300.0
2021-06-09,391.8289794921875,393.32512768168914,391.6059624638834,393.2507697660974,48436300.0
2021-06-10,393.6503601074219,394.5982392171646,391.7360549474813,393.0463367362392,51020100.0
2021-06-11,394.3008728027344,394.4123813217684,392.91626142600035,394.1986661133654,45570800.0
2021-06-14,395.1836242675781,395.28583093843525,393.17638621080886,394.4123098852329,42358500.0
2021-06-15,394.4588928222656,395.36956470477037,393.5853715428401,395.33241410169114,51508500.0
2021-06-16,392.2564392089844,394.82124847769757,390.22135210226025,394.59823144884797,80386100.0
2021-06-17,392.1263732910156,393.10210119599844,389.66379895429577,391.84760199223103,90949700.0
2021-06-18,386.83636474609375,389.54937784816065,386.63125419537954,388.85947347394546,118676300.0
2021-06-21,392.37432861328125,392.5608031135424,387.7780195471861,388.58912956449535,72822000.0
2021-06-22,394.4720153808594,395.30178987033617,391.64710042623443,392.36500160297555,57700300.0
2021-06-23,393.9965515136719,395.3483919707271,393.9126465296074,394.5466142661028,49445400.0
2021-06-24,396.3274230957031,396.74694810360864,395.8799013019191,396.1316447586806,45110300.0
2021-06-25,397.735107421875,398.1826291109268,396.7468552540623,397.0731713740786,58129500.0
2021-06-28,398.53692626953125,398.70473623877365,397.0638802306052,398.25724298746064,53159600.0
2021-06-29,398.7513427734375,399.5531204304721,398.21991612055984,398.91915273160606,35970500.0
2021-06-30,399.0869445800781,399.75821283430224,398.26650244135874,398.294470766451,64827900.0
2021-07-01,401.296630859375,401.4551370436827,399.77695175037366,399.8422206763837,53441000.0
2021-07-02,404.3639221191406,404.7182065985421,401.3805008260889,402.4526865249136,57697700.0
2021-07-05,404.3639221191406,404.7182065985421,401.3805008260889,402.4526865249136,57697700.0
2021-07-06,403.6273498535156,404.6342665447706,400.9050044776281,404.4198237331857,68710400.0
2021-07-07,405.0538635253906,405.333575301401,402.3035493327299,404.30802236006286,63549500.0
2021-07-08,401.7534484863281,402.5086218416847,398.5835527035313,399.7582794572034,97595200.0
2021-07-09,406.0421142578125,406.3404621035636,401.55767811817753,403.25449948236826,76238600.0
2021-07-12,407.4964599609375,407.74820336371283,405.52928784657445,405.9581450244714,52889600.0
2021-07-13,406.1073303222656,408.20504032687353,405.84628310421715,406.7133297443053,52911300.0
2021-07-14,406.71337890625,408.2796908558834,405.47341158364054,407.7948684980379,64130400.0
2021-07-15,405.32415771484375,406.0513626561597,403.4315584155207,405.38009436786723,55126400.0
2021-07-16,402.14501953125,406.54555043309637,401.7534629006535,406.4989460325066,75874700.0
2021-07-19,396.2061462402344,402.21026074657135,393.4091995491586,397.34357236601903,147987000.0
2021-07-20,401.88397216796875,403.1519362165868,396.07563556513816,396.8681095390226,99608200.0
2021-07-21,405.1377258300781,405.2775959293525,401.83734914667167,403.0773163550678,64724400.0
2021-07-22,405.98614501953125,406.2285561812566,404.33595664289896,405.31487664645783,47878500.0
2021-07-23,410.1628723144531,410.498492228461,407.22608425884295,407.9066563462512,63766600.0
2021-07-26,411.16986083984375,411.1791931015135,409.5290045509511,409.57560895526535,43719200.0
2021-07-27,409.2958984375,410.16294515467484,406.48028699392114,410.1349768235407,67397100.0
2021-07-28,409.1280517578125,410.4985568598125,407.71094225553276,409.9205257266722,52472400.0
2021-07-29,410.8248596191406,411.8970168587412,410.0417179366842,410.0510501972417,47435300.0
2021-07-30,408.8296813964844,410.2747590491166,408.13974857508884,408.2702864028163,68951200.0
2021-08-02,407.9720458984375,411.08597709125746,407.61776136087985,410.5359142126354,58783300.0
2021-08-03,411.2909851074219,411.4121906770932,406.58280312195876,408.7644180200078,58053900.0
2021-08-04,409.26788330078125,411.2630237482158,409.03480441731386,410.013724347072,46732200.0
2021-08-05,411.8597717285156,411.94367672299376,410.1070137495975,410.42399765718676,38969700.0
2021-08-06,412.54034423828125,412.9598976629853,411.89704416147674,412.17675592861804,46930000.0
2021-08-09,412.2048034667969,412.82943914127515,411.44029765586345,412.51245517255137,41222600.0
2021-08-10,412.7174987792969,413.4260678014038,411.9716576154071,412.65222985315194,43339300.0
2021-08-11,413.7430725097656,413.8363097729413,412.66158285136754,413.7803731054395,44034300.0
2021-08-12,414.9830627441406,415.1229328726098,412.698906156745,413.593921338042,38909400.0
2021-08-13,415.7381896972656,415.75682576675683,414.9457157376628,415.43050961256574,39470300.0
2021-08-16,416.7171325683594,416.8476419659867,412.8946326638833,414.44228007699377,73740000.0
2021-08-17,413.9854431152344,414.8431575675143,411.0113539592329,414.17188917128794,92673900.0
2021-08-18,409.4543762207031,414.53550784290934,409.2119935015114,412.9785282041807,89351900.0
2021-08-19,410.0883483886719,411.28173973529556,406.6014969603048,406.74133861748237,92812200.0
2021-08-20,413.3514099121094,413.67772604605483,409.948463834136,410.4332861309736,72008700.0
2021-08-23,416.98748779296875,417.89183507049324,413.42603534317016,415.02961932645024,54973000.0
2021-08-24,417.64935302734375,418.18077966201145,417.1365909109511,417.64935302734375,38744700.0
2021-08-25,418.5257873535156,419.03854953793854,417.4629339431671,417.83588293403466,40529700.0
2021-08-26,416.0551452636719,418.4791429251638,415.9619080185347,418.24606403832706,57829600.0
2021-08-27,419.7751770019531,420.14809762093466,416.8010874084429,416.85702407868916,77235100.0
2021-08-30,421.6210632324219,422.40420486497374,420.203925414651,420.44633655758804,48357400.0
2021-08-31,420.99639892578125,421.86344554117693,420.3997317809541,421.5278256069639,59300200.0
2021-09-01,421.2201843261719,422.44151550812524,420.9871054219515,421.92875329964636,48721400.0
2021-09-02,422.5160827636719,423.3178604728421,421.32272000796826,422.63728833645627,42501000.0
2021-09-03,422.4135437011719,422.92633435744506,420.98710195716393,421.3880192926544,47170500.0
2021-09-06,422.4135437011719,422.92633435744506,420.98710195716393,421.3880192926544,47170500.0
2021-09-07,420.9031982421875,422.161830008836,420.23192986344264,422.0685927572297,51671500.0
2021-09-08,420.3904113769531,421.0989803051799,418.47914741318687,420.3717753085308,56181900.0
2021-09-09,418.5910949707031,421.9381047734719,418.3486837946311,420.194679042839,57970400.0
2021-09-10,415.2906494140625,420.9311472268283,415.16944383774626,420.5116222919028,89948200.0
2021-09-13,416.353515625,418.5351593108477,414.0506948028417,418.2741120636888,83738600.0
2021-09-14,414.10662841796875,417.9943684978522,413.2209172260456,417.7892579298286,78197100.0
2021-09-15,417.5654296875,418.0595557158965,413.4259469978353,414.5260723513206,78792200.0
2021-09-16,416.903564453125,418.01299380157405,413.9667476565997,417.04340609771833,77786700.0
2021-09-17,412.8424377441406,416.55558909091354,412.4870182961472,416.13472017341735,118425000.0
2021-09-20,405.9586486816406,408.31560037858753,401.1137607120605,406.7442992472896,166445500.0
2021-09-21,405.5751953125,409.5782885516768,405.05142823770416,408.2875666376567,92526100.0
2021-09-22,409.531494140625,411.561112902549,405.68741498694294,407.83859908430554,102350100.0
2021-09-23,414.50738525390625,416.1067731963376,411.1590146193151,411.39284026132526,76396000.0
2021-09-24,415.1900634765625,415.90090238586725,412.6647357516255,412.87986556448413,62094800.0
2021-09-27,414.0022277832031,415.3209789209963,413.31008466514874,414.16121319157304,61371100.0
2021-09-28,405.6593322753906,411.5704499178845,404.9297975915055,411.2430883900673,130436300.0
2021-09-29,406.34210205078125,408.76453162074705,405.7809149533123,407.03421662986824,82329200.0
2021-09-30,401.37567138671875,408.5120044691004,401.0389476922281,407.81052769400486,140506000.0
2021-10-01,406.145751953125,407.8199514345855,399.5893007811886,403.09668518630104,129240100.0
2021-10-04,400.90802001953125,405.8838069157906,398.7755032227819,404.9859246361656,128570000.0
2021-10-05,405.07952880859375,407.3148869982612,401.60956443702145,402.40454874779994,90682500.0
2021-10-06,406.7630920410156,406.9688597532297,399.8792786563442,401.49733387482,113032200.0
2021-10-07,410.2798156738281,413.10441906944726,409.8495844974605,410.0272942635366,72437500.0
2021-10-08,409.531494140625,411.4301854093212,408.90485751836167,411.04670800109915,74557400.0
2021-10-11,406.566650390625,411.77629222213716,406.5011723645591,408.8768487322521,65233300.0
2021-10-12,405.5658264160156,407.8853866681187,404.78017581687527,407.48321348221907,71181200.0
2021-10-13,407.02490234375,407.83861088635894,403.62041636017756,406.5853090624002,72974000.0
2021-10-14,413.8713684082031,414.02102023777945,410.20496994150267,410.6726212052408,70236800.0
2021-10-15,417.0232238769531,417.38800546762263,415.3583869568452,415.9756898880979,66260200.0
2021-10-18,418.2579040527344,418.59459923333367,414.5915058971594,415.24622902810097,62213200.0
2021-10-19,421.4847412109375,421.55019069451413,419.26805026281613,419.87601973520236,46996800.0
2021-10-20,423.1401672363281,423.4394708582434,421.8307495694043,421.9429812918315,49571600.0
2021-10-21,424.24383544921875,424.468298903712,422.1113470020355,422.5415781375362,41305400.0
2021-10-22,423.80426025390625,425.25399624119467,421.86817724672443,423.81362241263184,58845100.0
2021-10-25,426.0769958496094,426.40435739743305,423.1214653908989,424.8891720800844,45214500.0
2021-10-26,426.4604797363281,428.8267936967001,426.0863644802023,427.6202741364318,56075100.0
2021-10-27,424.5712585449219,427.5829340162119,424.4964183538011,426.9188771716566,72438000.0
2021-10-28,428.6678161621094,428.742627797446,425.98350275745725,425.9928363723962,51437900.0
2021-10-29,429.5375671386719,429.82750855867687,426.0862994818022,426.3762409018072,70162400.0
2021-11-01,430.27655029296875,430.8938533397437,428.5555971973382,430.5197095224262,48433600.0
2021-11-02,432.01617431640625,432.32484009362486,430.31391709227427,430.4448731294371,48908400.0
2021-11-03,434.65380859375,435.0559818458261,431.0154679198227,431.4550612665384,52509800.0
2021-11-04,436.7021179199219,436.78629172441015,434.90632446133264,435.2523818386185,52847100.0
2021-11-05,438.2173156738281,440.2001525720331,436.7114922241577,438.91879260724045,66390600.0
2021-11-08,438.5914001464844,439.8073105381087,437.908647580282,439.3116013484249,50405200.0
2021-11-09,437.1416320800781,439.189946581114,435.73867850639124,438.9561209854995,51149100.0
2021-11-10,433.62493896484375,437.14168548634404,432.1471735790114,435.45812386633844,69429700.0
2021-11-11,433.76519775390625,435.1868757153558,433.7465019808427,435.11203553677166,34848500.0
2021-11-12,437.03875732421875,437.59058233417034,434.08319821257237,435.0278628031356,53466700.0
2021-11-15,437.18841552734375,438.4791374698599,436.06606971793025,438.32015203819657,46980500.0
2021-11-16,438.91876220703125,440.0504702557984,436.8517516451615,436.926563287216,48857500.0
2021-11-17,437.8525390625,438.8345952994172,437.23523596897536,438.65688553568276,47858300.0
2021-11-18,439.339599609375,439.601483135465,436.1689108233059,438.88128203134477,50625600.0
2021-11-19,438.553955078125,440.4713135766684,438.1891734422036,439.2273454032156,57315600.0
2021-11-22,437.3193664550781,442.9031231346711,437.11359877761777,440.42457739014736,72762000.0
2021-11-23,437.8992919921875,438.7504207161458,434.4012696782756,436.9920474001148,73206500.0
2021-11-24,439.068359375,439.189953253473,435.0933241891635,435.9070327073579,61858800.0
2021-11-25,439.068359375,439.189953253473,435.0933241891635,435.9070327073579,61858800.0
2021-11-26,429.2756652832031,433.88669842286066,428.1532911908851,432.4276292287425,112669600.0
2021-11-29,434.5414733886719,436.3746579851634,431.85716023659006,434.0457642896097,86268800.0
2021-11-30,426.0864562988281,434.00847057645785,425.8432684855171,432.10980741288563,148559600.0
2021-12-01,421.3537902832031,434.6070397085966,421.1573847437486,431.77307418093795,131939200.0
2021-12-02,427.807373046875,429.3693408365679,421.17608151058477,421.56892113358685,127637800.0
2021-12-03,424.0848083496094,430.5196646058951,419.875947732394,429.46279691605116,137331600.0
2021-12-06,429.107421875,430.9780267874127,424.2157797535011,426.61951391631123,98977500.0
2021-12-07,437.98345947265625,438.5446466888678,428.9764917091224,434.3638433156849,95484700.0
2021-12-08,439.1432189941406,439.59217446913857,436.62725298872556,438.37629263787375,72238800.0
2021-12-09,436.1783142089844,439.24610518022257,435.9819086816433,437.8618472439546,61272600.0
2021-12-10,440.2842712402344,440.4339230591345,436.3279600988827,438.8719839338528,77159800.0
2021-12-13,436.3840637207031,440.1159113005939,436.10345586445044,439.7698539667308,87724700.0
2021-12-14,433.3817138671875,435.60773818463684,430.47293705354144,433.1291924903542,97264100.0
2021-12-15,440.1533508300781,440.3965100644385,430.9312535760348,433.437885904042,116899300.0
2021-12-16,436.2718200683594,442.2764455495963,434.72854825907325,441.9958662441794,116568600.0
2021-12-17,431.62860107421875,436.19952155606984,429.9297585264146,433.20542255890297,135511600.0
2021-12-20,427.0389404296875,427.4331314987916,423.43476458066107,426.5696462517917,107134800.0
2021-12-21,434.6226806640625,434.7634631754368,428.28720986125103,430.44595141816603,69806300.0
2021-12-22,438.9684143066406,439.0810403325154,434.17221265287645,434.3693368416024,58890200.0
2021-12-23,441.6997375488281,443.1920897716103,439.86011217679714,439.96334315913737,56439700.0
2021-12-24,441.6997375488281,443.1920897716103,439.86011217679714,439.96334315913737,56439700.0
2021-12-27,447.95074462890625,447.9976625952653,443.02315513642674,443.07007310278584,56808600.0
2021-12-28,447.5846252441406,449.4054889482958,446.8243709664045,448.382431076323,47274600.0
2021-12-29,448.1571960449219,449.1708589058926,446.6930004438283,447.6879018485856,54503000.0
2021-12-30,446.918212890625,449.5838002524032,446.4583137848695,448.57950388680786,55329000.0
2021-12-31,445.7919006347656,447.5752127148281,445.5197306451295,446.43016246165064,65237400.0
2022-01-03,448.373046875,448.50446299701963,444.7501094779795,447.04963382232506,72668200.0
2022-01-04,448.2229309082031,450.5037227535474,446.3739104001781,449.79038632097485,71178700.0
2022-01-05,439.61602783203125,448.62648196413437,439.5221632658069,447.8568326219161,104538900.0
2022-01-06,439.2030334472656,441.9061724699496,436.8471675300687,439.15611548728646,86858900.0
2022-01-07,437.4667053222656,440.38573041712436,436.11513560687246,439.212494806085,85111600.0
2022-01-10,436.9223327636719,437.1381897824005,428.5595059644335,434.2849014246999,119362000.0
2022-01-11,440.90185546875,440.995720027767,433.67471407606854,436.65944664953486,74303100.0
2022-01-12,442.0938720703125,444.140016431985,440.1416209152974,442.62887430153415,67605400.0
2022-01-13,436.0024108886719,443.83962872526985,434.97935310461276,443.19200052308105,91173100.0
2022-01-14,436.18084716796875,436.5281203286654,431.6568437411503,432.8676309216029,95890900.0
2022-01-17,436.18084716796875,436.5281203286654,431.6568437411503,432.8676309216029,95890900.0
2022-01-18,428.4561767578125,431.71307940228024,427.3486494050049,431.5065888243464,109709100.0
2022-01-19,424.00732421875,431.3846155465078,423.73512555326494,429.99552299874756,109357600.0
2022-01-20,419.31439208984375,430.56805849452223,417.2025680670074,425.88451127200136,122379700.0
2022-01-21,411.0829772949219,420.5439362137734,411.0548207873205,418.1974651021742,202271200.0
2022-01-24,412.82867431640625,413.33552001842463,394.9204221606559,405.4983019869836,251783900.0
2022-01-25,407.78851318359375,412.7161024030997,400.9180390545414,406.4651000702844,167997300.0
2022-01-26,406.765380859375,416.77073505367554,402.52294363244783,413.6546151854852,186391100.0
2022-01-27,404.75689697265625,414.47129370991206,403.0768441751336,411.34580659722957,149878300.0
2022-01-28,414.8092041015625,414.85612206975674,401.5469438515392,406.1084702684284,164457400.0
2022-01-31,422.28033447265625,422.6276076174351,412.8005853653847,414.14275997921226,152251400.0
2022-02-01,425.1336669921875,425.7719002894428,419.4927410147947,423.0030527931463,123155400.0
2022-02-02,429.26336669921875,429.98606938188885,425.2274198046737,427.5269726075797,117361000.0
2022-02-03,419.17352294921875,425.1523255868119,418.3381656483604,423.2563876118731,118024400.0
2022-02-04,421.14459228515625,424.97402004258834,416.5736430884237,418.9389039958587,118454400.0
2022-02-07,419.7930603027344,423.293976730891,418.46964721095105,421.90488421960123,84472900.0
2022-02-08,423.24700927734375,424.16683612077446,417.87828306849536,419.2955605639941,81012000.0
2022-02-09,429.4416809082031,429.76079747969317,427.0670537538867,427.2641492685104,92589900.0
2022-02-10,421.7265625,429.6013045752705,419.73675960069767,423.62250082711057,140103700.0
2022-02-11,413.41064453125,423.87589961159756,411.98400045457316,421.81102228825836,153214600.0
2022-02-14,412.05908203125,414.4806562198295,408.6050834849175,412.9038345326054,123006300.0
2022-02-15,418.70428466796875,418.8732237029998,415.96359397809533,416.4798347763938,88482700.0
2022-02-16,419.17352294921875,420.543853789651,414.7996982172283,416.6674796900843,84863600.0
2022-02-17,410.2195129394531,419.1454992934917,409.6188311568223,416.0012218949541,102259100.0
2022-02-18,407.563232421875,411.72117196742954,405.3012310451236,410.4728334127503,132642900.0
2022-02-21,407.563232421875,411.72117196742954,405.3012310451236,410.4728334127503,132642900.0
2022-02-22,403.1893615722656,408.75518302234633,399.70717854023343,405.36689318747625,124391800.0
2022-02-23,396.03741455078125,406.65284780613894,395.47425574268425,406.089688998042,132578000.0
2022-02-24,401.997314453125,402.4290856482403,385.42187205351536,385.7785115088942,213942900.0
2022-02-25,410.8670654296875,410.9515349471028,401.58441255553527,403.22694222886923,121804500.0
2022-02-28,409.8158264160156,411.2894169660434,404.2500045029786,405.49831437664733,145615000.0
2022-03-01,403.57427978515625,410.32273316160007,400.8805068214816,408.3235351417943,137785900.0
2022-03-02,410.9985046386719,412.71610887615117,405.0666188393467,405.8174781319554,117726500.0
2022-03-03,408.9523010253906,414.0206721272684,407.15959393144027,413.4199905086059,105501700.0
2022-03-04,405.62982177734375,406.7561108388368,401.6032689221422,405.2356019875793,113978200.0
2022-03-07,393.6720886230469,405.7517156092554,393.6063805668149,405.04777437562143,137896600.0
2022-03-08,390.6874694824219,400.9743915896494,389.6268598772116,393.85050819594045,164772700.0
2022-03-09,401.1620788574219,403.1331202623526,396.85396145942144,399.0314934618867,116990800.0
2022-03-10,399.3505554199219,400.2421971081939,394.62006242432875,396.57231346186796,93972700.0
2022-03-11,394.2728576660156,402.43856000737617,393.7660118820792,401.8284832426369,95636300.0
2022-03-14,391.3913879394531,398.4777193572372,390.2557039226716,395.04251079882187,95729200.0
2022-03-15,399.9981994628906,400.627037600933,392.7241399369661,393.9912112622118,106219100.0
2022-03-16,408.8678894042969,408.9242024189119,398.71235566484523,403.4897960044395,144954800.0
2022-03-17,413.983154296875,413.983154296875,406.58707380377643,406.96250340047624,102676900.0
2022-03-18,418.5174255371094,418.83753350872564,411.6444565524196,412.3788286596397,106345500.0
2022-03-21,418.3950500488281,420.34394183547073,414.9020489062175,418.34795760108,88349800.0
2022-03-22,423.2908935546875,424.2229735705517,419.77907234818315,419.77907234818315,74650400.0
2022-03-23,417.8395690917969,422.25522626407883,417.754837158317,420.76766221116077,79426100.0
2022-03-24,424.1383056640625,424.1477299023903,418.743503870044,419.85447216024164,64736900.0
2022-03-25,426.2095642089844,426.48260848847235,422.1987468815837,424.7690638457169,77101300.0
2022-03-28,429.2411804199219,429.2411804199219,423.73337514000565,425.61638352750333,68529800.0
2022-03-29,434.55126953125,435.04087012373685,430.43690060861235,433.110769196489,86581500.0
2022-03-30,431.86798095703125,434.221741418466,429.7684162817575,433.41203287887015,79666900.0
2022-03-31,425.220947265625,431.92445220332144,424.7690149308357,431.1053481916122,121699900.0
2022-04-01,426.42608642578125,426.9344779963225,422.86720176985517,426.79325811561665,89048800.0
2022-04-04,430.0791015625,430.1826819640368,425.80469323655575,426.6237972828837,59601000.0
2022-04-05,424.6466979980469,431.04891596697667,423.5074858006422,428.5916034503726,74214500.0
2022-04-06,420.4004821777344,422.66951094806757,417.52890560703577,420.7488628977492,106898000.0
2022-04-07,422.5187683105469,424.3264687550642,417.5852962112796,419.5247922838507,78097200.0
2022-04-08,421.3890380859375,424.2700386147041,419.85438165587385,421.76563401623116,79272700.0
2022-04-11,414.1865539550781,418.9693828064198,413.6875578619317,418.131430249241,89770500.0
2022-04-12,412.6518859863281,419.6754993093874,411.1078052988178,417.1616704401845,84363600.0
2022-04-13,417.37823486328125,418.1314267488248,412.22820561338756,412.4070937143792,74070400.0
2022-04-14,412.18115234375,418.7151941165963,412.0775719357156,417.6041972684777,97869500.0
2022-04-15,412.18115234375,418.7151941165963,412.0775719357156,417.6041972684777,97869500.0
2022-04-18,412.3506774902344,414.0265541496611,410.1287121962291,411.25852895351096,66002500.0
2022-04-19,419.00701904296875,419.72254266588925,412.0775334906012,412.24699734346973,77821000.0
2022-04-20,418.6963195800781,421.38903649977607,417.53828781709484,420.77706452379897,65224400.0
2022-04-21,412.4353332519531,423.68632009037725,411.53149725254485,422.30230774795746,85417300.0
2022-04-22,401.1184997558594,412.45419083312686,400.55359142974106,411.3526468930056,132471800.0
2022-04-25,403.4439697265625,403.6134335850115,394.33961156529534,398.88709289400344,119647700.0
2022-04-26,391.75994873046875,401.11850386074025,391.73170475049534,400.9207672684951,103996300.0
2022-04-27,392.8614501953125,398.1809719519438,390.7336702250882,392.83320621839357,122030000.0
2022-04-28,402.784912109375,404.5078808966821,393.17216221026155,397.58781923542455,105449100.0
2022-04-29,387.8997497558594,400.95840906428657,387.15595335566474,398.8117805304688,145491100.0
2022-05-02,390.23468017578125,391.5904485536996,381.328029550651,387.96565155346553,158312500.0
2022-05-03,392.02349853515625,394.42432259994985,389.1801376426985,390.73364246013386,100028200.0
2022-05-04,403.9617919921875,404.52670026180385,389.5096966956075,392.6825612700032,144247900.0
2022-05-05,389.6038818359375,400.13931697439904,385.4895127503543,399.7156285575717,172929100.0
2022-05-06,387.2783203125,390.5359166827726,381.99649573119626,387.0523685069678,151770800.0
2022-05-09,374.8787536621094,382.63673935937004,373.30642894835574,381.40337111087143,155586100.0
2022-05-10,375.74493408203125,382.32603970720356,371.72472120975783,380.8290513721074,132497200.0
2022-05-11,369.7757873535156,380.4053781846459,369.03199096468177,374.7845967667288,142361000.0
2022-05-12,369.3897399902344,372.64733635025226,362.6203227573482,366.59347147586817,125090800.0
2022-05-13,378.2210388183594,379.59562679786654,372.46843366501673,373.5040939505738,104174400.0
2022-05-16,376.6864318847656,380.33947297147097,374.3420954969533,376.5828802088455,78622400.0
2022-05-17,384.43499755859375,384.67037360597254,379.03074397272616,382.74969701428194,83029700.0
2022-05-18,368.9378662109375,380.1794300040196,367.7044978598018,379.89699020316084,117674500.0
2022-05-19,366.6782531738281,371.0845150929089,364.46571234321414,365.8873930171805,98510700.0
2022-05-20,366.8383483886719,373.80547490627424,358.2800772040546,370.2465895747261,131432200.0
2022-05-23,373.70184326171875,374.464459331566,367.54439801959404,369.8510659686335,76414900.0
2022-05-24,370.84912109375,372.035396905163,364.32447483504643,369.5969043569321,91448800.0
2022-05-25,374.12554931640625,376.0838942993882,368.96612427599865,369.3615399815034,91472900.0
2022-05-26,381.60113525390625,383.2299481634351,375.1424290444623,375.3495611558912,82168300.0
2022-05-27,390.9691467285156,391.08212266521815,383.8513753918986,384.0490832811281,84768700.0
2022-05-30,390.9691467285156,391.08212266521815,383.8513753918986,384.0490832811281,84768700.0
2022-05-31,388.7753601074219,392.0988691063854,386.04500340916127,389.359088170834,95937000.0
2022-06-01,385.6306457519531,391.89164202499757,383.1262414962506,390.88425451413644,86585800.0
2022-06-02,392.9744567871094,393.02152050473194,383.22988244769175,385.4706670691487,79609600.0
2022-06-03,386.5251770019531,389.82044199768814,385.55542873821975,388.2763611795485,71874300.0
2022-06-06,387.7020568847656,392.2400856938536,386.5345720353619,390.517145497597,57508900.0
2022-06-07,391.42095947265625,391.8728918468309,383.76652548386954,384.22788209472355,59272400.0
2022-06-08,387.16534423828125,391.4962691477678,386.37448418684187,389.7168124827089,64350000.0
2022-06-09,377.95751953125,387.65500312470635,377.95751953125,385.3953983656172,86289800.0
2022-06-10,366.99835205078125,372.6285579152145,366.95128833036904,371.7812098207837,132893900.0
2022-06-13,353.06414794921875,359.4757905773819,351.4635789855421,357.6304500091821,170004900.0
2022-06-14,352.00018310546875,355.8321122307695,348.91205036955256,354.8058760643675,104011800.0
2022-06-15,357.0184020996094,361.4434545749502,350.3525363114145,355.28600909693944,125666800.0
2022-06-16,345.2025451660156,349.2416066501107,342.7828722240161,348.83676669769454,134473300.0
2022-06-17,345.94671630859375,349.2751458907682,342.45758461496894,345.61578942511153,111113900.0
2022-06-20,345.94671630859375,349.2751458907682,342.45758461496894,345.61578942511153,111113900.0
2022-06-21,354.6553955078125,356.035921374524,351.57282417390246,351.6484860292675,76811900.0
2022-06-22,354.01239013671875,358.10670044343743,350.0315148923091,350.4475684991193,90059400.0
2022-06-23,357.482666015625,358.2107454929241,352.5940787916053,356.13997099447135,79292100.0
2022-06-24,368.848388671875,368.85785361765244,360.6124718749588,360.64083785574906,98050300.0
2022-06-27,367.4395446777344,370.05876676666566,366.352143463888,369.76564197484305,66009600.0
2022-06-28,359.93170166015625,371.76080759717377,359.81823772369825,368.99029067465796,86548900.0
2022-06-29,359.6385498046875,361.46349531064214,357.8230692449071,360.48012203098745,65676000.0
2022-06-30,356.71673583984375,359.9411371004125,352.2820045953657,355.7616996920369,112508300.0
2022-07-01,360.48956298828125,360.9245465265662,353.45451079691634,356.0642966004514,74839700.0
2022-07-04,360.48956298828125,360.9245465265662,353.45451079691634,356.0642966004514,74839700.0
2022-07-05,361.17041015625,361.1893400506747,352.60353638031745,355.42134927768956,81438000.0
2022-07-06,362.39013671875,364.8675284701395,358.93880785464154,361.31217177600075,70426200.0
2022-07-07,367.81781005859375,368.61208657268605,362.40914049035155,364.1584533535955,64525900.0
2022-07-08,367.5152893066406,369.3780663245434,364.6691098443416,366.1914661152582,72397800.0
2022-07-11,363.3168640136719,365.81315719235283,362.6265865895648,364.84868487322194,58366900.0
2022-07-12,360.10186767578125,365.1417783353174,358.3620201292297,362.7683853874002,62219200.0
2022-07-13,358.2107849121094,361.1326258025633,354.26776850827935,354.6838222143904,84224600.0
2022-07-14,357.3408203125,358.4187564891479,350.84475070087467,353.2748467855768,89704800.0
2022-07-15,364.1678771972656,364.2813411355363,359.82770841913714,361.7282870982627,79060400.0
2022-07-18,361.1609802246094,367.912344500235,359.94118513181706,367.24099693727663,63203600.0
2022-07-19,370.9191589355469,371.4865073575656,364.4136541135557,365.0660716138569,78506000.0
2022-07-20,373.2831726074219,374.6920934702504,369.7467451710396,371.1083701548272,71843800.0
2022-07-21,377.0843505859375,377.13161760377886,370.31405726547354,372.70635127041953,64903900.0
2022-07-22,373.58575439453125,378.3987087577949,371.3731210571291,377.2073085647602,72197300.0
2022-07-25,374.0395812988281,374.8905895501605,371.808018411836,374.2097771777864,53631500.0
2022-07-26,369.6144104003906,372.61185551387223,368.7255709950971,372.40382865611105,52946400.0
2022-07-27,379.21197509765625,380.9518230694224,372.60241116676775,372.8955360021085,82342100.0
2022-07-28,383.9681396484375,384.6583882201372,376.4792023544064,380.0156585921788,73966600.0
2022-07-29,389.5658874511719,390.5492896244354,384.630004404881,385.3959148037413,87003700.0
2022-08-01,388.4123229980469,390.90864514857856,386.17132357359725,386.8805020677419,69997500.0
2022-08-02,385.8498229980469,390.5209475361801,384.6773238182315,386.85212626915603,63435400.0
2022-08-03,391.8920593261719,393.0550936237523,387.68425525698314,387.96791512064965,67820600.0
2022-08-04,391.6273193359375,392.4972288640502,389.99147042599316,391.81641630196026,45656600.0
2022-08-05,390.96533203125,391.6083135328843,387.3059760405287,387.36270800499386,56814900.0
2022-08-08,390.511474609375,394.8894742630945,389.41460845921597,392.64847494128367,53886100.0
2022-08-09,388.9607238769531,390.28451780261275,387.8922237902104,389.7833662144508,44931800.0
2022-08-10,397.1304931640625,397.2723519486255,394.0384853071231,395.9863599360031,68665700.0
2022-08-11,397.1304931640625,401.82054773180664,396.3929486818317,399.9672071505728,59489700.0
2022-08-12,403.8534851074219,403.9574840933842,398.11386071622206,399.05943196261893,61694500.0
2022-08-15,405.5177001953125,406.03778173235645,401.59358501038247,401.65031698074415,54048300.0
2022-08-16,406.31195068359375,408.2314590393534,403.6454330101121,404.4491742905428,59289000.0
2022-08-17,403.42791748046875,406.1228009765339,401.4327762441567,402.7282040772565,63563400.0
2022-08-18,404.6004638671875,405.2812474108149,402.34053490810277,403.6264978547886,49023200.0
2022-08-19,399.1634826660156,402.11366050668937,398.2935443726278,401.84890169679676,68016900.0
2022-08-22,390.8518371582031,394.52065780471906,389.9535330310516,394.3504330682569,77695600.0
2022-08-23,389.9063720703125,392.80928319022877,389.3579244993357,390.426424797038,49105200.0
2022-08-24,391.15447998046875,392.51607606132626,388.99857863900553,389.6793622511617,49177800.0
2022-08-25,396.6766052246094,396.7238722445992,391.551596341063,392.6389975097295,50942300.0
2022-08-26,383.2495422363281,397.10215748986866,383.19281026079125,396.56320372226816,103087000.0
2022-08-29,380.71539306640625,383.75066898657906,379.36323297639854,380.3088043159643,65370800.0
2022-08-30,376.5358581542969,382.10528576229547,374.4461541114354,381.86889298823525,85652400.0
2022-08-31,373.6708679199219,379.40102781992005,373.53850294031076,378.16233169722864,76029700.0
2022-09-01,374.8433837890625,375.1837756026024,368.8106343368199,371.5055182868605,78740100.0
2022-09-02,370.8908386230469,379.70356914138836,369.08479416646423,378.4932391584454,99632100.0
2022-09-05,370.8908386230469,379.70356914138836,369.08479416646423,378.4932391584454,99632100.0
2022-09-06,369.4913635253906,372.66846849505936,367.2787306665415,371.7323623623068,76637400.0
2022-09-07,376.1293640136719,376.89527448554435,368.96194600017765,369.1794089387667,70964200.0
2022-09-08,378.5877990722656,379.0416547769603,372.6685141668355,373.86940805077325,80821700.0
2022-09-09,384.4692687988281,385.329742082949,380.5545900462263,380.81934883699086,76706900.0
2022-09-12,388.6014709472656,389.32011442970696,386.2280775508701,386.5306673178505,69256300.0
2022-09-13,371.70404052734375,381.1597524265052,370.58827344881297,379.9588585471244,122947100.0
2022-09-14,373.12249755859375,374.63541764024257,369.8318985452489,372.9995686538307,85023700.0
2022-09-15,368.8861999511719,374.4083318177175,367.6191381157885,371.57161846360935,87633800.0
2022-09-16,366.07208251953125,366.7272091723702,362.7964492553366,364.72387185360486,103084800.0
2022-09-19,368.910888671875,368.910888671875,362.8628623346067,362.9388349935968,73278500.0
2022-09-20,364.6763610839844,366.6037545982577,361.9324497442443,365.5973340819425,77274900.0
2022-09-21,358.3150329589844,369.63252654265,358.3055291317483,366.59425728558,106746600.0
2022-09-22,355.30523681640625,359.1790024904426,354.5646626886457,357.5459378785754,89472600.0
2022-09-23,349.3521423339844,351.8871721443201,344.9276764863623,351.849185813524,122346900.0
2022-09-26,345.8961486816406,351.49793062480813,344.6808467381226,347.8900111292315,92581200.0
2022-09-27,345.0131530761719,351.6783204261148,342.6300104380139,349.41861164213634,108294100.0
2022-09-28,351.8017883300781,353.48231433980953,344.2726122472369,345.96264208515834,110802200.0
2022-09-29,344.4529113769531,348.5545364302352,341.51909784939903,348.26971141788147,112952300.0
2022-09-30,339.12646484375,347.4152207218765,338.9935561579165,343.51294405259347,153711200.0
2022-10-03,348.0798645019531,349.9218104770214,341.0538996463219,342.8293767828373,89756500.0
2022-10-04,358.86572265625,358.8942051643231,348.04193496218414,353.5772481816866,103602800.0
2022-10-05,358.03021240234375,360.28041756142954,352.20057002554404,354.51724403133267,88065700.0
2022-10-06,354.3367614746094,359.5777447717773,353.8430261300766,356.63442728157884,82333500.0
2022-10-07,344.4529113769531,354.42219246042094,342.69641320056473,350.32053843206126,107789500.0
2022-10-10,341.8230285644531,345.8012502408044,339.59183086335224,345.56388631727555,76042800.0
2022-10-11,339.6581726074219,344.68079989118917,337.73077926422997,340.13290031732214,92482800.0
2022-10-12,338.5378112792969,341.63304512033494,338.29094360606194,340.066449523059,76991800.0
2022-10-13,347.47222900390625,348.934398580659,330.5149387795829,331.55934562012055,147254500.0
2022-10-14,339.5537414550781,351.5453678678568,338.91759358407694,349.9217782616768,123737000.0
2022-10-17,348.27923583984375,349.38060757787383,339.221423235325,345.61126849106756,93168200.0
2022-10-18,352.371337890625,356.47299159823325,348.94378930959033,356.16915895876406,97162900.0
2022-10-19,349.87432861328125,353.05501012296355,347.0734234834684,350.33955250549025,79746900.0
2022-10-20,346.9405517578125,353.8336082385052,346.18096994205536,349.42812063236454,88283100.0
2022-10-21,355.3717041015625,355.8559066992739,345.1650575657833,346.6651844936338,131038400.0
2022-10-24,359.7201843261719,360.85003863790973,354.2513116223034,356.8908256086108,85436900.0
2022-10-25,365.4643859863281,365.777693519867,359.5302897254607,359.64421973765667,78846300.0
2022-10-26,362.71099853515625,367.9899690715865,362.0748795431326,362.3312221104294,104087300.0
2022-10-27,360.77410888671875,365.54036503352893,360.15693963581714,363.70792288491305,81971800.0
2022-10-28,369.357177734375,369.83190549665636,360.4892666119688,360.66966547964233,100302000.0
2022-10-31,366.689208984375,368.7685188952542,365.78724362365824,366.90759418543263,96631300.0
2022-11-01,365.0845947265625,370.65792248879427,363.91678308143315,370.42055862920466,85407600.0
2022-11-02,355.92242431640625,368.98694294470477,355.8179981060472,364.49600742245565,126990400.0
2022-11-03,352.2574768066406,355.2862420190042,350.1496845424735,352.6942182018951,87100100.0
2022-11-04,357.32757568359375,359.7201930621012,351.29852759073634,357.9447159505611,103505200.0
2022-11-07,360.7456359863281,361.3342937720169,356.5490298438672,358.61883592099326,68286900.0
2022-11-08,362.6919860839844,365.65428248614427,358.62831787010947,361.8469568156974,84641100.0
2022-11-09,355.21978759765625,361.87547986372505,354.7260521981255,360.7266178571878,78495500.0
2022-11-10,374.7405090332031,375.07282417821534,366.1479502875966,368.43611202808063,141455800.0
2022-11-11,378.36749267578125,379.16503175995996,373.71513788878525,375.59507007118657,93839900.0
2022-11-14,375.14886474609375,379.9531074146063,374.87351452909996,376.61103437675337,71903500.0
2022-11-15,378.3485107421875,381.9754376853018,374.55068876407796,380.8740658346402,93194500.0
2022-11-16,375.4621887207031,377.67440728463805,374.8355446142679,376.7249517855088,68508500.0
2022-11-17,374.3133239746094,374.9874582361336,370.42057963663734,370.7243833730803,74496300.0
2022-11-18,376.0128173828125,377.7028468199875,373.17395503541496,377.6363779885907,92922500.0
2022-11-21,374.6456604003906,375.81350115294237,372.8132181507224,374.69315056273854,51243200.0
2022-11-22,379.687255859375,379.84867604647417,375.1773421488015,376.58254674649424,60429000.0
2022-11-23,382.07989501953125,382.56409762142516,379.1270733477937,379.3549333957438,68261600.0
2022-11-24,382.07989501953125,382.56409762142516,379.1270733477937,379.3549333957438,68261600.0
2022-11-25,381.994384765625,382.5450851329431,381.24433584905154,381.51965705763075,30545400.0
2022-11-28,375.89898681640625,380.55131366861434,375.13940491752146,378.91824880487053,67881600.0
2022-11-29,375.2532958984375,377.2186467005862,373.4208248199859,376.0318273628986,52310000.0
2022-11-30,387.07403564453125,387.07403564453125,373.59178408114326,375.5001700531818,144566700.0
2022-12-01,386.7891845703125,389.27675333365096,384.29211197998836,388.1089126426204,76398200.0
2022-12-02,386.3428955078125,387.24486074159796,381.81400373691196,381.918429921581,85342700.0
2022-12-05,379.3929138183594,384.4630026318405,378.04470325554814,383.5325548004845,77289800.0
2022-12-06,373.9241027832031,379.77275301561207,371.84482158406166,379.2315853206752,77972200.0
2022-12-07,373.28790283203125,375.642562745206,372.1580485447694,373.07902147703123,65927900.0
2022-12-08,376.21221923828125,377.2756047091014,373.39233538526526,375.16784142056355,60737900.0
2022-12-09,373.4018859863281,377.5225196894714,373.27845212602426,374.9779857119684,81447700.0
2022-12-12,378.7852783203125,378.7852783203125,373.52528680664847,374.1898882628355,75405800.0
2022-12-13,381.65264892578125,389.7419997878151,378.8992336233936,389.4856572201214,123782500.0
2022-12-14,379.21258544921875,385.00427078001445,376.27877093187595,381.3108743483369,108111300.0
2022-12-15,369.93634033203125,375.27227545068706,368.28429708214924,374.37028116191146,117705900.0
2022-12-16,365.56884765625,368.7259745587609,363.4418577702044,367.39063871161915,119858000.0
2022-12-19,362.46893310546875,366.09344924310705,360.80930355412653,365.75960801740996,79878100.0
2022-12-20,362.96490478515625,364.5768550701663,360.39913914135377,361.7154089937889,74427200.0
2022-12-21,368.3921203613281,369.5176155105315,365.0156058055829,365.5497400834467,78167400.0
2022-12-22,363.1365661621094,368.3730029019242,357.4613534216276,365.3589430278992,100120900.0
2022-12-23,365.22552490234375,365.3685914168033,360.57090024431585,362.11607681676225,59857300.0
2022-12-26,365.22552490234375,365.3685914168033,360.57090024431585,362.11607681676225,59857300.0
2022-12-27,363.7852783203125,365.45445568593493,362.11610095469007,365.1110960283442,51638200.0
2022-12-28,359.2641296386719,365.6833180737436,359.03522324607314,363.71843147410067,70911500.0
2022-12-29,365.73095703125,366.5989324853657,361.57230700428545,362.0969229072174,66970900.0
2022-12-30,364.767578125,364.9106445983467,360.9523169257117,363.0602696961742,84022200.0
2023-01-02,364.767578125,364.9106445983467,360.9523169257117,363.0602696961742,84022200.0
2023-01-03,363.2319641113281,368.5828541871979,360.3800364563273,366.61799691898324,74850700.0
2023-01-04,366.0361633300781,368.05824707832414,362.4498085414863,365.48293416385536,85934100.0
2023-01-05,361.8584899902344,364.2048677167,361.26712910136496,364.09041452635574,76970500.0
2023-01-06,370.1566162109375,371.27259288151197,361.8870541421074,364.9392455332869,104189600.0
2023-01-09,369.94677734375,375.51708414614757,369.7655792215918,372.3408629905399,73978100.0
2023-01-10,372.54119873046875,372.60797279309605,368.43025676671084,369.3650063190875,65358100.0
2023-01-11,377.2530822753906,377.3294038131555,373.3043013861297,374.1150503530879,68881100.0
2023-01-12,378.6264953613281,380.08583153671657,374.29619506277743,378.34990989531553,90157700.0
2023-01-13,380.09539794921875,380.6676929521993,375.1737074965992,375.4407746169057,63903900.0
2023-01-16,380.09539794921875,380.6676929521993,375.1737074965992,375.4407746169057,63903900.0
2023-01-17,379.399169921875,381.74557694149377,378.7219690868492,380.07639986503904,62677300.0
2023-01-18,373.40911865234375,381.6405488233354,373.2088256024032,380.58182787980417,99632300.0
2023-01-19,370.69085693359375,373.0181398927505,369.3745869323046,371.3775761257745,86958900.0
2023-01-20,377.5964050292969,377.74901897003355,370.44279029051245,372.0833537682657,91806400.0
2023-01-23,382.1270446777344,384.05374118740224,377.4438078609924,378.3976232018816,84178800.0
2023-01-24,381.7169494628906,382.6230566629975,379.2751842732551,380.4579061003212,59524900.0
2023-01-25,381.8599548339844,382.1937960050659,375.3835409042795,377.66317340531896,84800300.0
2023-01-26,386.0567626953125,386.21892411230044,381.55475308151983,384.5115864864833,72287400.0
2023-01-27,386.94384765625,389.3093204688235,384.80731034691763,385.01715091180836,68346200.0
2023-01-30,382.0888977050781,386.41922765929314,381.79321726738084,384.19682153424986,74202000.0
2023-01-31,387.7069091796875,387.7545883082666,382.260602078399,382.60399077183433,86811800.0
2023-02-01,391.8273620605469,394.5648367609675,383.7676392435468,386.49553736704746,101459200.0
2023-02-02,397.5312194824219,398.9905560204561,393.8113448862697,395.699880930703,101654500.0
2023-02-03,393.3057556152344,397.7123777653695,392.1039389895125,392.580846652655,94736800.0
2023-02-06,390.9021911621094,392.29478274143617,389.2521089864295,390.86405950020315,60295300.0
2023-02-07,396.0146484375,397.25459690875016,388.746579192855,389.98652766410515,90990700.0
2023-02-08,391.6842346191406,395.3850425222963,390.99748646073925,394.0497069665525,76227500.0
2023-02-09,388.2886657714844,395.4232146721326,387.0677833556222,395.27060073163324,78694900.0
2023-02-10,389.1947937011719,389.57631399027076,386.30473457675294,387.1154542755384,70769700.0
2023-02-13,393.7635803222656,393.8971284439127,389.38557133439986,389.84341318387385,64913500.0
2023-02-14,393.5823669433594,395.88103624546926,389.6431050211973,392.2470022111371,88389300.0
2023-02-15,394.8605041503906,394.9367965737248,390.55878744301873,391.3981496403728,61555700.0
2023-02-16,389.4237365722656,393.83990637535055,389.2902175572194,389.9101917236614,76431500.0
2023-02-17,388.45086669921875,388.6893205477336,385.3890983264304,387.30627658309317,89257800.0
2023-02-20,388.45086669921875,388.6893205477336,385.3890983264304,387.30627658309317,89257800.0
2023-02-21,380.6581726074219,385.4940235203808,380.40065293639157,384.4448207915137,82655900.0
2023-02-22,380.1336364746094,382.6040151198372,378.68381828938857,381.06835703282917,83742300.0
2023-02-23,382.1556701660156,383.62455398812614,377.94934088551855,383.01409817857655,96242400.0
2023-02-24,378.0733337402344,378.9031484388594,375.4598889913447,377.15767915293793,108194400.0
2023-02-27,379.36102294921875,382.7566035647617,378.4262733452024,381.4021728412389,80444700.0
2023-02-28,377.9588623046875,380.8393740486185,377.85392748484423,378.8840643154278,96438600.0
2023-03-01,376.50909423828125,378.3690459735666,375.2119192229247,377.1481633851746,99706800.0
2023-03-02,379.4373474121094,380.2767097219892,374.2104279148554,374.5442691664858,85127800.0
2023-03-03,385.5226135253906,385.7706148212673,380.6009230194376,381.2495104460485,90120000.0
2023-03-06,385.7897644042969,388.63214513183675,385.3510174155289,386.34296459812265,72795900.0
2023-03-07,379.87603759765625,385.9804792628776,379.2656108960152,385.74202541995913,108310600.0
2023-03-08,380.4960632324219,381.24955646245974,378.2736569852848,379.99054222005736,74746600.0
2023-03-09,373.4759216308594,382.9377823434292,372.4934930227915,381.27812390527305,111945300.0
2023-03-10,368.0869140625,375.0020758920174,366.5703510301064,372.9322836127058,189253000.0
2023-03-13,367.5622863769531,372.3600057541109,363.0698240200609,364.17625337042944,157790000.0
2023-03-14,373.63812255859375,375.27868623479475,369.17424429944623,372.4649191205908,149752400.0
2023-03-15,371.30126953125,371.5015626213284,365.98851059869224,368.06785035886526,172996900.0
2023-03-16,377.8157653808594,378.159154025879,368.44932123547807,368.9548421813165,143254200.0
2023-03-17,373.39813232421875,377.62051539098667,372.019393803673,376.49072469808146,140553400.0
2023-03-20,376.9884948730469,377.40022291806605,373.47464977774416,374.17357354730325,93055800.0
2023-03-21,381.9386901855469,382.41741807740124,378.75034606302717,380.3397261702914,91524200.0
2023-03-22,375.4279479980469,385.3663430375663,375.3896708071276,381.7663294027596,111746600.0
2023-03-23,376.44287109375,382.3024953130758,373.7428390023417,378.28116967824513,119351300.0
2023-03-24,378.9130554199219,378.9992229180059,372.8332064884797,375.169400500622,107682400.0
2023-03-27,379.6216125488281,381.9482521763477,378.73118573368964,381.18227006179575,74010400.0
2023-03-28,378.7694091796875,379.62152939764496,376.9406656319968,378.9321602551606,62871700.0
2023-03-29,384.2748718261719,384.51423576412026,381.7184521124217,382.9152718021636,77497900.0
2023-03-30,386.5248107910156,387.14715104431514,384.66734471738545,386.8982032553057,69840000.0
2023-03-31,391.9728698730469,392.2696788531095,387.33875778208665,387.4440931210437,112062600.0
2023-04-03,393.4664306640625,393.8685456943349,391.0632075126421,391.45576785501316,67391100.0
2023-04-04,391.2834167480469,394.3951476376342,389.9142329500153,394.10789340859714,66601500.0
2023-04-05,390.2588806152344,391.3120875440854,388.61205593172843,390.55568949256184,65200200.0
2023-04-06,391.78125,392.05892029879095,388.42057157363575,389.4641946465513,63743300.0
2023-04-07,391.78125,392.05892029879095,388.42057157363575,389.4641946465513,63743300.0
2023-04-10,392.1833190917969,392.25993189178035,388.6981963923181,389.31095269607636,63681000.0
2023-04-11,392.2887268066406,393.6866038625685,391.5227739807362,392.80576103470116,59297900.0
2023-04-12,390.6897888183594,394.6345308679278,390.1057548634186,394.34727662483084,86420400.0
2023-04-13,395.87921142578125,396.2334653614746,390.63234364464273,391.771718270874,85814800.0
2023-04-14,394.9122314453125,397.4303450042046,392.6143432506971,395.247346836435,78161500.0
2023-04-17,396.3291931152344,396.348331709265,393.600438675659,394.82598073584927,66436400.0
2023-04-18,396.5877380371094,398.0335055698033,395.2185833271868,397.89944773956887,63560000.0
2023-04-19,396.52069091796875,397.42067233366515,394.62491824072464,394.68236324131743,55227300.0
2023-04-20,394.3567810058594,396.0993570505261,392.8152624373547,393.71527295628266,75840400.0
2023-04-21,394.6632385253906,395.122798546293,392.719604685716,394.6536546185458,73457400.0
2023-04-24,395.0749206542969,395.4962034683657,393.1312868972539,394.46213502684145,64332100.0
2023-04-25,388.80352783203125,393.6674182755135,388.7460828379071,393.11207770668204,97766700.0
2023-04-26,387.15673828125,390.48869433886614,386.6014268812606,389.4163487256269,80447000.0
2023-04-27,394.86431884765625,395.13240528174725,389.43553203327593,389.6844798717997,92968400.0
2023-04-28,398.2345275878906,398.2441114946902,393.9259770969372,393.9834220992783,89433100.0
2023-05-01,397.83245849609375,399.852676156497,397.60264924097265,397.79415208370165,62122300.0
2023-05-02,393.361083984375,397.1717680701673,390.4695783796922,397.12387775512695,103998500.0
2023-05-03,390.6611022949219,396.262224530026,390.4217383465775,393.85900113849453,91531800.0
2023-05-04,387.89404296875,389.94298302849234,386.56316548431346,389.6174515879438,94901900.0
2023-05-05,395.0749206542969,396.11854378303155,391.25468204681897,391.51318454758655,87891800.0
2023-05-08,395.1802062988281,395.6589340882948,393.78232933496844,395.40043160090397,50046800.0
2023-05-09,393.44720458984375,394.5578565410412,393.21742460657003,393.6387073887216,49220100.0
2023-05-10,395.2855529785156,396.9036552910025,391.4748691458095,396.27173108441946,96142900.0
2023-05-11,394.59625244140625,394.8834774856427,392.52814446520966,394.4239174148644,70157100.0
2023-05-12,394.07916259765625,396.04196418738917,391.6663849084535,395.83132277822824,70481500.0
2023-05-15,395.438720703125,395.84083566591636,392.77699547892223,394.6823226474805,54289400.0
2023-05-16,392.796142578125,395.2568103742265,392.7865586723953,394.3376320009185,57705500.0
2023-05-17,397.5643310546875,398.16750358670436,393.16961300605146,394.80685403141115,87287000.0
2023-05-18,401.3941345214844,401.81541733647197,397.02813918363745,397.24833527836256,97177200.0
2023-05-19,400.81005859375,402.8207211975793,399.594100500681,402.2941323052739,103793300.0
2023-05-22,400.972900390625,402.50483542937735,399.59416177767093,400.8292878724486,60745400.0
2023-05-23,396.4727478027344,400.9057714798649,396.0801875381463,399.3355304215125,86383500.0
2023-05-24,393.60040283203125,395.256811470501,392.44188978529047,394.87383509017286,89213700.0
2023-05-25,397.0089111328125,398.4546782657559,394.8642201959079,397.09507862018216,90961600.0
2023-05-26,402.15045166015625,402.8685432906365,397.58339940922235,397.6599829933487,93830000.0
2023-05-29,402.15045166015625,402.8685432906365,397.58339940922235,397.6599829933487,93830000.0
2023-05-30,402.3037109375,404.6015986704079,400.9249724539097,404.0750097467597,72216000.0
2023-05-31,400.0729064941406,401.38461624742513,398.51224888604935,400.4846054699889,110811800.0
2023-06-01,403.8739318847656,404.9271388982078,399.05793134165066,400.3026119453019,88865000.0
2023-06-02,409.71441650390625,410.4995078956091,405.9133165725639,406.43990546910896,91426200.0
2023-06-05,408.9293518066406,411.3421297490295,408.2303985985282,410.05914256559197,65460200.0
2023-06-06,409.81976318359375,410.3463521322916,407.86654536905576,408.5176374533879,64022200.0
2023-06-07,408.4027099609375,411.3421059208301,407.9814271228122,410.2123152273252,85373300.0
2023-06-08,410.87298583984375,411.32299120581996,407.7038096821584,408.4697625854569,61952800.0
2023-06-09,411.6101989746094,413.6112778783288,410.6240207738437,411.66764397898567,85742800.0
2023-06-12,415.34423828125,415.4208510939883,411.86869890795646,412.58679062643665,76104300.0
2023-06-13,418.08258056640625,418.72405947829276,416.13894679853814,416.7995935234062,95899700.0
2023-06-14,418.5804138183594,420.3804349424088,415.1431518715733,418.41766273627127,100612100.0
2023-06-15,423.7698974609375,425.0145781797127,417.6709093443267,417.7666315386717,110303100.0
2023-06-16,422.3264465332031,426.31464161242656,421.8555599029222,425.7476478890072,114165800.0
2023-06-19,422.3264465332031,426.31464161242656,421.8555599029222,425.7476478890072,114165800.0
2023-06-20,420.1352844238281,421.278891227802,418.0691141682308,420.39477647392715,76160400.0
2023-06-21,417.982666015625,419.9527293765365,417.3964332987813,419.15510212154635,76982300.0
2023-06-22,419.491455078125,419.59715234538584,416.69490598831976,417.0312661321085,70637200.0
2023-06-23,416.32012939453125,418.09800801134094,415.60898967891455,416.0510471242086,92074500.0
2023-06-26,414.619140625,417.6655331304873,414.37888755488666,415.75312807727073,72823600.0
2023-06-27,419.16473388671875,419.7797664878717,415.0419830447426,415.49365998386605,72813700.0
2023-06-28,419.37615966796875,420.3852108229733,417.4733448104481,418.08837741440095,75636000.0
2023-06-29,421.0290222167969,421.1924071877769,418.55924326128763,418.962851943863,67882300.0
2023-06-30,425.9974670410156,426.97768888145606,423.9120577597363,424.22920819454237,104964000.0
2023-07-03,426.4875793457031,426.76625174608176,425.37280176090064,425.6515034890419,32793400.0
2023-07-04,426.4875793457031,426.76625174608176,425.37280176090064,425.6515034890419,32793400.0
2023-07-05,425.8533020019531,426.58368059216104,424.6712465458686,424.68086605187517,58418400.0
2023-07-06,422.5185852050781,422.9414328771002,420.01994786888264,422.28795168497953,80658300.0
2023-07-07,421.4519348144531,425.3825009520906,421.21168173809605,421.52883222243753,86134200.0
2023-07-10,422.5185852050781,422.6915603451521,420.5292831109417,421.09627673302543,62443500.0
2023-07-11,425.2094421386719,425.69956773672544,422.3071959049608,423.27782759435644,64463800.0
2023-07-12,428.63067626953125,430.03377528061355,427.5639667416878,428.98627543991233,91924500.0
2023-07-13,432.03265380859375,432.8206908722752,430.0049320898392,430.4373699947139,72425200.0
2023-07-14,431.76361083984375,433.7625035467968,431.00440290074886,432.9168373466267,69815800.0
2023-07-17,433.26275634765625,434.3102561737573,431.57136541418197,431.6194336230175,52680200.0
2023-07-18,436.4820861816406,437.125947862345,432.5034820273018,432.9359492015601,80668200.0
2023-07-19,437.4527587890625,438.6347850080483,436.4052296979119,437.2701641275052,65891700.0
2023-07-20,434.55047607421875,437.35664451536627,433.8393364531686,436.4629102357604,70591600.0
2023-07-21,434.55047607421875,436.4629102357604,434.54088589539646,436.2610765640321,71275600.0
2023-07-24,436.4917297363281,437.298976422026,434.6657831913127,435.6940732292396,54023400.0
2023-07-25,437.68341064453125,438.93271480747865,436.1746144107411,436.2226826187103,55191200.0
2023-07-26,437.750732421875,439.17301188945186,435.7037714824368,436.75127139466554,71052900.0
2023-07-27,434.848388671875,441.5274350037331,433.94503488324995,441.12379698695344,92194400.0
2023-07-28,439.1057434082031,439.9321998907834,434.8484367232918,438.1062824263063,80011800.0
2023-07-31,439.9417724609375,440.29734227377537,438.2695913310648,439.5765831414508,62040400.0
2023-08-01,438.682861328125,439.42283016702106,437.7314393035273,438.48102764934566,55291500.0
2023-08-02,432.5804443359375,435.83826057949295,431.83085596175755,435.5787978326574,93933400.0
2023-08-03,431.3407287597656,433.21471435225743,429.92803959884134,430.5719307015857,64276100.0
2023-08-04,429.3898620605469,435.2424228845315,428.87090725675444,433.14742331097347,100128900.0
2023-08-07,433.1378173828125,433.2915828601554,430.523862923515,431.2157929076751,58357500.0
2023-08-08,431.25421142578125,433.12819688898776,427.90987851511386,430.61032036745866,71361300.0
2023-08-09,428.3712158203125,431.6867198555809,427.6120079214979,431.52333486681067,78789600.0
2023-08-10,428.5249938964844,434.08926326921943,427.3621772369706,430.71610074530616,93005500.0
2023-08-11,428.2750549316406,429.2841352767268,426.0647387376173,426.66056157281855,68690900.0
2023-08-14,430.6391906738281,430.6391906738281,427.05463370611966,427.3621646686425,47867400.0
2023-08-15,425.6227111816406,429.22650696420783,425.0556881700834,428.87090781167177,75707500.0
2023-08-16,422.4993896484375,426.86236363092155,422.3936630630157,425.20942158349953,80107200.0
2023-08-17,419.280029296875,424.2196168527754,418.76107448676936,423.96015411160533,95711300.0
2023-08-18,419.48187255859375,420.51016276710396,416.1279489876274,416.47389934127483,98852000.0
2023-08-21,422.2110900878906,422.9510589127824,418.3478316599045,420.4908700639508,68719000.0
2023-08-22,421.0675048828125,423.9793707816351,420.5101306907519,423.9793707816351,64994200.0
2023-08-23,425.7572326660156,426.37229454971487,421.98046176867535,422.12460773274086,68441000.0
2023-08-24,419.8565979003906,427.86181593129874,419.8277393822269,427.3524806823666,88517300.0
2023-08-25,422.8165588378906,424.09469222022517,418.0403268045078,421.5768448293855,102325100.0
2023-08-28,425.4977722167969,426.1128047760357,422.8165399597136,424.99802710166506,61595400.0
2023-08-29,431.64825439453125,431.92695615148733,425.2094607575032,425.3920554264297,83081900.0
2023-08-30,433.4261169433594,434.0603885077203,431.2830492029172,431.9845986592022,69053900.0
2023-08-31,432.7918395996094,435.17513102782067,432.6092449398333,434.0411436980902,66084600.0
2023-09-01,433.5990295410156,435.98234998496224,432.1478919594432,435.5018439595685,58944100.0
2023-09-04,433.5990295410156,435.98234998496224,432.1478919594432,435.5018439595685,58944100.0
2023-09-05,431.7251281738281,433.474177484678,431.65787960630774,433.15705635053166,55166200.0
2023-09-06,428.82293701171875,431.0236635307652,426.506893701765,430.91793692058695,70758500.0
2023-09-07,427.50628662109375,428.17897757007677,425.4881551186145,425.83410543618885,70355400.0
2023-09-08,428.150146484375,429.67815236910445,427.19875378748577,427.5543236104539,61659700.0
2023-09-11,430.9659423828125,431.27344400453364,429.06312762659996,430.76410870034374,60180100.0
2023-09-12,428.6018371582031,431.04281644605425,428.02525327961035,429.5244300194834,67565400.0
2023-09-13,429.1015625,430.25475953176647,427.72729277869223,428.8228607530232,60199300.0
2023-09-14,432.80145263671875,433.4933826135289,430.2643956069254,431.56176797941515,83430800.0
2023-09-15,427.58685302734375,431.5505600231538,427.1528898439255,431.22266691861245,111848900.0
2023-09-18,427.837646484375,429.1299415798166,426.8057293230556,427.27827686575546,55752200.0
2023-09-19,426.950439453125,427.50980914474906,424.2790562688864,426.92150856778005,66514600.0
2023-09-20,423.02532958984375,428.61884971067485,422.8227839687489,428.2041638924205,82562600.0
2023-09-21,416.0334167480469,420.45036521142913,415.8791088874586,420.1899872517448,104095800.0
2023-09-22,415.09796142578125,418.64695406116914,414.68324615845955,417.055696495469,100829700.0
2023-09-25,416.843505859375,416.8820607506406,413.458445268684,413.8924379607471,70874500.0
2023-09-26,410.7195129394531,414.5192590302796,409.8901119465823,413.81523500166236,96168400.0
2023-09-27,410.8835144042969,412.4458705721393,407.2573824202832,411.88650085704063,104705800.0
2023-09-28,413.2655334472656,414.93395949847536,409.7454720420047,410.33377256481566,92258300.0
2023-09-29,412.2625427246094,416.47697439955255,410.7484246490407,416.3033891177094,115111300.0
2023-10-02,412.0986022949219,413.34268907348576,409.350050801858,411.4331625829839,83798600.0
2023-10-03,406.5823059082031,412.1565492542185,405.2224953214738,409.9287826037436,103760600.0
2023-10-04,409.5429992675781,410.28557828924926,405.58894477181923,407.0452013606301,87453000.0
2023-10-05,409.3886413574219,410.2276663727646,406.1771957071079,409.25361095296023,70142700.0
2023-10-06,414.249267578125,415.7826633161712,405.62751083875975,406.9487369471333,113273300.0
2023-10-09,416.9013366699219,417.47033030159264,411.80929543558074,412.35898219183764,80374400.0
2023-10-10,419.0712585449219,421.6558488736504,417.1328010827686,417.5282094394434,78607300.0
2023-10-11,420.7878723144531,421.03859681205853,417.7596360182193,420.1320860419277,62451700.0
2023-10-12,418.2226257324219,421.7716184606987,415.87913565080567,421.3955169391734,81154200.0
2023-10-13,416.13946533203125,420.9132670312688,414.57713879227015,419.71738853134207,95143100.0
2023-10-16,420.5178527832031,421.5787008605216,418.1357786859934,418.3768791839652,75433200.0
2023-10-17,420.49859619140625,422.543153380918,417.0557030363835,417.4028736679959,75324700.0
2023-10-18,414.89532470703125,419.68840322964684,413.81519931002657,418.73365478608196,93559800.0
2023-10-19,411.2499694824219,417.4125128642148,410.5749056891377,415.60908569425885,121323000.0
2023-10-20,406.1964416503906,411.35599774018226,406.0903421363685,410.815935026644,123919900.0
2023-10-23,405.4924621582031,409.3404462034215,402.9271492717955,404.6727145608842,92035100.0
2023-10-24,408.5496826171875,409.6973235164309,405.7625463101056,407.60455792627596,78564200.0
2023-10-25,402.6860656738281,406.90052736992106,402.1749337627123,406.8715964855641,94223200.0
2023-10-26,397.8640441894531,402.4738846980561,396.9478799231693,401.6252356371067,115156800.0
2023-10-27,396.0606689453125,399.84113833304036,394.6429966038168,399.4457299187491,107367700.0
2023-10-30,400.79583740234375,401.84703208667196,397.5458072598068,398.8381024524088,86562700.0
2023-10-31,403.31292724609375,403.6311669556289,399.4649432617073,401.3648163745919,79665200.0
2023-11-01,407.6141357421875,408.4242298564383,403.7468744665271,404.27731320299,98068100.0
2023-11-02,415.4258117675781,415.5801196181461,411.37531162600504,411.39458907062107,94938900.0
2023-11-03,419.2159118652344,420.75896096668146,417.59572355276106,417.72110052299064,100167800.0
2023-11-06,420.18035888671875,420.6239756178728,418.2419012219719,419.96818924465083,67831700.0
2023-11-07,421.37615966796875,422.0126685210308,419.04232330462156,420.18031060348386,64256100.0
2023-11-08,421.6847839355469,422.4948781019278,419.38950241519393,421.97409276953505,61746000.0
2023-11-09,418.3961486816406,422.86133452826135,417.97180945877307,422.82275020857907,83174400.0
2023-11-10,424.9251708984375,425.23378661631307,418.38652621092507,420.4600141525394,89462200.0
2023-11-13,424.5201110839844,425.61951403994044,422.81313016998365,423.5942934214088,52236100.0
2023-11-14,432.7561340332031,434.0387757848984,430.2100985439841,430.43192160638574,97176900.0
2023-11-15,433.67230224609375,435.3117974864374,432.82362374197305,434.08698805976627,77327600.0
2023-11-16,434.2027587890625,434.52099852551896,432.16785509736394,433.22870327091186,66665800.0
2023-11-17,434.7428283691406,435.3504063975986,433.2962252275612,434.2123895584984,83133200.0
2023-11-20,438.08929443359375,438.9283195268349,434.48241067282527,434.4920641115296,69936200.0
2023-11-21,437.1344909667969,437.9638920043512,435.87112668099957,437.0476983171483,49244600.0
2023-11-22,438.82220458984375,440.1338066653199,437.73245500948576,438.783649698811,59394900.0
2023-11-23,438.82220458984375,440.1338066653199,437.73245500948576,438.783649698811,59394900.0
2023-11-24,439.09222412109375,439.2851162959046,438.54253734218906,438.87043049439643,29737400.0
2023-11-27,438.30145263671875,439.2754786903425,437.9156682731926,438.4653845031241,50506000.0
2023-11-28,438.7353820800781,440.02767719087626,437.3562943235412,437.91563451759527,62115000.0
2023-11-29,438.4267883300781,442.0047410159344,438.0314094012158,440.8763777024274,63146000.0
2023-11-30,440.1530456542969,440.500245661758,437.201978031331,439.26581233862987,79752700.0
2023-12-01,442.7569885253906,443.28739788218263,438.95724208115644,439.5455132066452,89183400.0
2023-12-04,440.4327392578125,442.77622898793436,438.1663887357716,439.3815446393366,72430900.0
2023-12-05,440.34600830078125,441.3007569694989,438.6775820590756,439.05371300809566,69793500.0
2023-12-06,438.57147216796875,442.50621946104377,438.1374794863498,442.47728857768345,69124700.0
2023-12-07,441.9179382324219,442.56407108973934,440.04699600140833,440.6449205313009,66995400.0
2023-12-08,443.81787109375,444.3482804916818,440.93428871770044,441.175389249709,83194400.0
2023-12-11,445.5440673828125,445.7176821092958,443.1137849553907,443.3259545711253,65002200.0
2023-12-12,447.5789489746094,447.6753950554409,444.20354216398823,445.19687499100826,68327600.0
2023-12-13,453.75115966796875,454.0019136162734,447.59826994583597,447.95509399152206,93278000.0
2023-12-14,455.2074279785156,456.8662007070536,452.54566886194607,455.6799755722313,119026000.0
2023-12-15,454.4579162597656,455.7845286924067,452.6181291338484,454.61284974570634,141553700.0
2023-12-18,457.0143127441406,457.9923175277246,455.0002363592381,456.0556931170115,70375300.0
2023-12-19,459.79327392578125,459.8707554353277,457.4790235748556,457.55647553386444,55761800.0
2023-12-20,453.4218444824219,460.8197337409229,452.9957847839671,458.9412058569742,102921000.0
2023-12-21,457.7210998535156,457.99222603483094,453.9834001212354,456.39448757473747,86667500.0
2023-12-22,458.64105224609375,460.31624293413637,456.75286124971245,458.8443895271257,67160400.0
2023-12-25,458.64105224609375,460.31624293413637,456.75286124971245,458.8443895271257,67160400.0
2023-12-26,460.57763671875,461.4781598644946,458.97023511368405,459.0477166286851,55387000.0
2023-12-27,461.41046142578125,461.55570234741884,459.8418003710079,460.37436026719365,68000300.0
2023-12-28,461.5847473144531,462.4174816264002,461.1683801584796,461.76872899742625,77158100.0
2023-12-29,460.2483825683594,461.913880420099,458.3020659574586,461.39098365661835,122283100.0
2024-01-01,460.2483825683594,461.913880420099,458.3020659574586,461.39098365661835,122283100.0
2024-01-02,457.67266845703125,458.66036562570554,455.5811109563851,457.19820502535833,123623700.0
2024-01-03,453.9350280761719,456.25897115713644,453.3346793148978,455.5230445204575,103585900.0
2024-01-04,452.4728698730469,456.03625125353045,452.2501474553143,453.4605375615008,84232200.0
2024-01-05,453.0926513671875,455.53278743928377,451.6498461147491,452.6762546685268,86118900.0
2024-01-08,459.5609436035156,459.7061845131588,453.4605594436324,453.58644474883687,74879100.0
2024-01-09,458.8637390136719,459.88045489034096,456.4139106022468,456.91742225203353,65931400.0
2024-01-10,461.4588623046875,462.3206743518726,458.8541001077607,459.1349189215174,67310600.0
2024-01-11,461.2555236816406,462.9694256422812,457.2951303185307,462.4562213568548,77940700.0
2024-01-12,461.5750427246094,463.4342151118614,460.171007794378,462.69828839912003,58026400.0
2024-01-15,461.5750427246094,463.4342151118614,460.171007794378,462.69828839912003,58026400.0
2024-01-16,459.8804931640625,461.5072505223364,458.0697541289019,460.2000527294099,85014900.0
2024-01-17,457.3241882324219,457.8083443440887,454.980859649715,456.8690803054333,68843900.0
2024-01-18,461.3909912109375,461.94293616195193,457.4499836944988,458.9895962811143,91856200.0
2024-01-19,467.1428527832031,467.4236715984988,461.4395092276407,462.5143215974117,110834500.0
2024-01-22,468.1304626464844,469.84436430110793,467.4816805842547,468.6727150191519,75844900.0
2024-01-23,469.4957580566406,469.73783606484966,467.58821172047016,468.67271646916043,49945300.0
2024-01-24,470.0090637207031,473.28193407003323,469.5152150522186,472.3523626504235,81765000.0
2024-01-25,472.5653381347656,472.8364643322263,470.0090096373567,472.12958588323926,72525000.0
2024-01-26,471.9650573730469,473.62086297641906,471.1226304792355,472.1393464785506,76641600.0
2024-01-29,475.7026672363281,475.8479376894722,471.73261132928997,472.27486373270614,61322800.0
2024-01-30,475.334716796875,476.04156568160744,474.5794050287412,475.0151572718124,58618400.0
2024-01-31,467.57855224609375,473.58206954437225,467.55916709172027,473.13665425188526,126011100.0
2024-02-01,473.6983337402344,473.7273819238251,468.4694242895628,469.27313995314404,91891600.0
2024-02-02,478.68511962890625,480.33123256171854,473.7951255169084,474.1340406811921,99228200.0
2024-02-05,476.9421691894531,478.7141970893923,474.6957073113676,478.05575187599726,75757100.0
2024-02-06,478.32684326171875,478.6560658444282,476.45797836644056,477.88139839933996,55918600.0
2024-02-07,482.3163146972656,482.7326818528335,479.66311916407506,480.5636719721608,70556500.0
2024-02-08,482.5293273925781,482.9069537723974,481.50291885696174,482.31629753326854,52343600.0
2024-02-09,485.3179931640625,485.75371583997446,482.69384633012993,483.0327614450865,63979400.0
2024-02-12,485.1050109863281,487.5451468627196,484.38843993132826,485.2889926510743,56502300.0
2024-02-13,478.42364501953125,481.3382739920692,475.1701304413372,478.8593972990049,113099200.0
2024-02-14,482.7713928222656,483.25554889436194,478.73351817874396,481.0477983876243,68387800.0
2024-02-15,486.1023864746094,486.28636814510776,482.9940832312684,483.4685762738627,61683000.0
2024-02-16,483.6816101074219,486.9351247377766,482.9456834193714,485.802216073848,75532900.0
2024-02-19,483.6816101074219,486.9351247377766,482.9456834193714,485.802216073848,75532900.0
2024-02-20,481.01873779296875,482.6164468795506,478.78193916164605,481.9483091532552,71736700.0
2024-02-21,481.4544677734375,481.6094012609107,477.92013439516916,479.7212103303219,59293400.0
2024-02-22,491.41839599609375,492.3770155291545,487.0803471035888,488.0389961871901,76402500.0
2024-02-23,491.7573547363281,493.9651053615798,491.03112058919874,493.132341506589,61321800.0
2024-02-26,489.9562072753906,492.62875800348365,489.83032198014877,492.1930057584985,50386700.0
2024-02-27,490.866455078125,491.089177503547,488.75554175218684,490.6437622032437,48854500.0
2024-02-28,490.2176818847656,490.79864549092105,488.9588584535033,489.3171291941457,56506600.0
2024-02-29,491.9800109863281,493.5874126583201,489.3365378000111,491.9703479594554,83924800.0
2024-03-01,496.5988464355469,497.02490613181874,492.4448087227075,492.85151281479995,76844800.0
2024-03-04,496.0662841796875,497.90610083671146,495.7758023657051,495.80488009764395,49799300.0
2024-03-05,491.1085510253906,494.5170287187888,488.910493074669,494.0715838516931,72855600.0
2024-03-06,493.5970458984375,495.8435368483092,492.3092039305024,494.3716836843407,68382400.0
2024-03-07,498.4967956542969,499.5425893667193,493.6552347093042,496.8797308469733,58652100.0
2024-03-08,495.5047302246094,501.79873010183235,494.93342956107733,499.1262380204942,86532500.0
2024-03-11,495.0785827636719,495.6595759026315,492.38667645201275,494.30394494541804,62557200.0
2024-03-12,500.40435791015625,500.98532153263085,494.6719076966977,497.17986205272086,73114400.0
2024-03-13,499.6200256347656,500.8982048517955,498.1869424676809,500.72391574507606,55104100.0
2024-03-14,498.6323547363281,500.7432681365898,495.6015329710001,500.5883050955873,110171800.0
2024-03-15,495.2084045410156,497.0247990949515,493.5474544938414,495.57751113868864,107646300.0
2024-03-18,498.1514892578125,500.6963445921207,497.7435511886848,499.2588090158661,88893300.0
2024-03-19,500.9197998046875,501.201461454095,496.4614118820625,497.4619006203073,60755300.0
2024-03-20,505.5531005859375,505.6890997449854,500.30800311494943,500.97821693057136,69594600.0
2024-03-21,507.22369384765625,509.0788903449226,506.9419728955261,508.37956788041765,60256100.0
2024-03-22,506.2619934082031,507.6218065756881,506.0288266824884,507.1361463120077,79070800.0
2024-03-25,504.8633728027344,506.00952410002293,504.70792829326916,504.8924815953154,48512100.0
2024-03-26,503.9308776855469,506.62145492992863,503.5326622935472,506.28145712240774,65463700.0
2024-03-27,508.16583251953125,508.2047232896313,504.5913794682458,506.7477422439313,82999800.0
2024-03-28,508.0687561035156,509.56456872863964,507.78709442613604,508.20475523799445,96294900.0
2024-03-29,508.0687561035156,509.56456872863964,507.78709442613604,508.20475523799445,96294900.0
2024-04-01,507.1848449707031,509.34120798380326,506.0289708424648,508.8069933985052,62477500.0
2024-04-02,503.96014404296875,504.0960839077784,501.66778174353846,503.3773159527187,74230300.0
2024-04-03,504.513671875,506.00954373427334,502.8235832984241,502.8721374777498,59155800.0
2024-04-04,498.35552978515625,508.8457817223291,498.0544227328248,508.50584318362684,96858100.0
2024-04-05,503.561767578125,505.5141316093866,499.26854681862443,499.7056529768442,74546500.0
2024-04-08,503.8433837890625,505.26153318113694,503.0372303910679,504.26110380982067,48401800.0
2024-04-09,504.42620849609375,505.8151898052063,499.59871440672913,505.5723596612767,68049200.0
2024-04-10,499.3753662109375,501.3568389879978,497.4036161258989,498.75370676862974,82652800.0
2024-04-11,503.1440734863281,504.5816090108978,497.3938721033446,500.8906025681321,70099000.0
2024-04-12,496.19915771484375,501.026622508991,494.4799012010891,499.61819571598176,92561100.0
2024-04-15,489.98272705078125,500.5215326754904,489.13765316276323,500.3564247602264,92101400.0
2024-04-16,489.0890808105469,491.97390429784934,487.8069304512228,490.45864647041304,73484000.0
2024-04-17,486.1945495605469,491.7019508026377,484.805568116472,491.53681324608516,75910300.0
2024-04-18,485.1941223144531,489.6719263116465,484.26166270979206,487.5835926622845,74548100.0
2024-04-19,480.95916748046875,486.10715539894034,479.6964327690104,485.11641894359934,102212600.0
2024-04-22,485.3883972167969,487.972113920127,481.2214229780645,483.55258680560587,67961000.0
2024-04-23,491.1483154296875,491.5756989172583,485.2038373746558,487.3893089914972,64633600.0
2024-04-24,490.9151916503906,492.81897189579723,488.7005816711836,492.0322045112339,55928100.0
2024-04-25,489.0502014160156,489.8078303014316,483.22227779209175,484.8638119842185,69122400.0
2024-04-26,493.6834411621094,495.25697586630093,491.19686267902955,491.8282151706386,64306100.0
2024-04-29,495.43182373046875,496.1020373711397,492.70241499072074,495.4609621651781,46415400.0
2024-04-30,487.58355712890625,494.94615471248864,487.58355712890625,493.9748340493992,77483600.0
2024-05-01,486.0003356933594,493.6154866987963,485.5340910693037,487.00079486473084,80242800.0
2024-05-02,490.5461120605469,491.38146331084295,485.22326373492274,489.6913450667022,62550200.0
2024-05-03,496.62652587890625,497.8503696978336,493.9748099269168,496.5002494560944,72756700.0
2024-05-06,501.755126953125,501.7939584375333,498.57888938265427,499.0159955422608,47264700.0
2024-05-07,502.3087463378906,503.69772767350116,501.63853275647114,502.7166843877577,52561300.0
2024-05-08,502.3573303222656,502.89154482386346,500.36613484283316,500.4826885782833,42047200.0
2024-05-09,505.2519226074219,505.2908133815383,501.89119059047965,502.54195892504737,43643700.0
2024-05-10,505.9027099609375,507.65107540024,504.68855906076743,506.8448626028078,52233200.0
2024-05-13,505.9706115722656,507.6801453946088,504.8341830162767,507.57331435188917,36716400.0
2024-05-14,508.2921142578125,508.80694268932734,505.6307050054446,506.16491953750125,57535900.0
2024-05-15,514.5863037109375,514.8776880610556,510.11819296519036,510.7495751277046,59504900.0
2024-05-16,513.527587890625,516.2764423102767,513.3818660590745,514.683461995483,50244800.0
2024-05-17,514.2657470703125,514.3337466322346,512.1968292743588,513.6440876053468,59187600.0
2024-05-20,514.8582153320312,516.3151962899514,513.9937257353356,514.3822777046638,37764200.0
2024-05-21,516.1210327148438,516.2764772503131,513.8967293104672,514.1007280315008,33437000.0
2024-05-22,514.6348876953125,516.1404229953789,512.468802117107,515.4313778215733,48390000.0
2024-05-23,510.8758544921875,517.7819304108156,509.67136703027006,517.6750993626108,57211200.0
2024-05-24,514.256103515625,515.0623164056714,511.7695245578183,512.7116773079188,41291100.0
2024-05-27,514.256103515625,515.0623164056714,511.7695245578183,512.7116773079188,41291100.0
2024-05-28,514.6154174804688,515.2953538271266,511.992839734623,515.0622463447778,36269600.0
2024-05-29,511.0118713378906,512.1871908993834,510.3028260942359,510.6039331839117,45190300.0
2024-05-30,507.6219177246094,510.13766452658996,506.3786580054075,509.4771735375275,46377600.0
2024-05-31,512.2454223632812,512.3716988043419,503.49381286592205,508.57386073354985,90785800.0
2024-06-03,512.6629638671875,514.1296673530113,507.6120852543447,513.8480057418088,46835700.0
2024-06-04,513.2362060546875,513.9744193400643,509.90458286176136,511.36156404562087,34632700.0
2024-06-05,519.3359985351562,519.3554439193825,513.566351467224,515.5478835476441,47610400.0
2024-06-06,519.3263549804688,520.0645682770622,517.4031587596616,519.6371847519142,30808500.0
2024-06-07,518.6949462890625,521.4923544849469,517.2670741151577,518.3549484930342,43224500.0
2024-06-10,520.297607421875,520.6181598447974,517.2962597313128,517.8887511155715,35686100.0
2024-06-11,521.5507202148438,521.6089970919911,516.791224537173,518.7533115423322,36383400.0
2024-06-12,525.8340454101562,528.514899443887,524.8044480637652,526.0963209131467,63251300.0
2024-06-13,526.8929443359375,527.7477113251548,524.1149812633378,527.5728807070939,44760900.0
2024-06-14,527.2135009765625,527.2426097707814,524.3674790309985,525.3679678522572,40089900.0
2024-06-17,531.4094848632812,532.7985255135613,526.0769441713737,526.5334956885656,55839500.0
2024-06-18,532.7596435546875,532.8859199795279,531.0501097581155,531.4677705153928,41376400.0
2024-06-19,532.7596435546875,532.8859199795279,531.0501097581155,531.4677705153928,41376400.0
2024-06-20,531.3123779296875,534.3428935144076,529.5445672911499,533.6824026084769,70328200.0
2024-06-21,530.60009765625,531.7109897848462,529.148170327666,530.4929219620788,64338600.0
2024-06-24,528.8753051757812,532.9777790963483,528.7583754205319,530.4247136467889,45528700.0
2024-06-25,530.911865234375,531.2724085077483,528.582905567804,530.0932975881465,37936200.0
2024-06-26,531.5745239257812,532.2858564645144,529.1578965249615,529.8010101320955,38550600.0
2024-06-27,532.4125366210938,532.9874907686532,530.6974877125363,531.4380824208646,35041500.0
2024-06-28,530.3175048828125,536.2227551968151,529.0799883321372,533.1824029810238,76144500.0
2024-07-01,531.408935546875,531.9351194589271,528.6609672764391,531.6915058832783,40297800.0
2024-07-02,534.9852294921875,534.9852294921875,529.7621680864318,529.8108789121317,40434800.0
2024-07-03,537.3726196289062,537.7331629819162,534.6344052723863,534.6733620352073,32789900.0
2024-07-04,537.3726196289062,537.7331629819162,534.6344052723863,534.6733620352073,32789900.0
2024-07-05,540.4713134765625,540.8708135451888,537.0412155224441,537.6746345682784,41488400.0
2024-07-08,541.0950317382812,542.0402238948535,540.0328503436032,541.250918262468,36110500.0
2024-07-09,541.6211547851562,542.9463982576794,541.3288304126829,542.0499170234392,27289700.0
2024-07-10,546.9807739257812,547.3218091897188,542.5470181146983,542.8393425517846,38701200.0
2024-07-11,542.2643432617188,547.9649369537367,541.6309836132551,547.097658299037,53054200.0
2024-07-12,545.6847534179688,549.2707387585696,542.9173360080182,543.3850551249718,53084400.0
2024-07-15,547.185302734375,550.4107438001307,545.3338159394242,547.6725298408394,40584300.0
2024-07-16,550.4302978515625,550.72262227623,547.7407941926679,548.4911431126284,36475300.0
2024-07-17,542.7125854492188,546.1913944708481,542.3909988738491,544.5250561904461,57119000.0
2024-07-18,538.5418701171875,545.2266716040288,536.3688561297039,544.2424632762184,56270400.0
2024-07-19,534.9656982421875,539.9256971843263,533.9132708630742,538.3080696139889,65509100.0
2024-07-22,540.4810791015625,541.0852359846874,536.9438053796708,538.8732057821688,43346700.0
2024-07-23,539.6333618164062,542.517708645555,539.1461346384042,540.3738971671513,34439600.0
2024-07-24,527.4038696289062,535.1410389720269,526.4878802289309,534.8389605250121,74515300.0
2024-07-25,524.6558837890625,533.4747422855404,523.7204457786454,527.520781647899,61158300.0
2024-07-26,530.5317993164062,533.2115481254169,527.6571477897303,528.4270046031144,53763800.0
2024-07-29,530.84375,533.0752290029756,528.8558251034021,532.0715719711993,39515800.0
2024-07-30,528.1542358398438,533.3578480228961,524.7631538745112,532.3054207151831,46853600.0
2024-07-31,536.7391967773438,539.3604813512061,533.5917282671721,534.9559286681133,65663400.0
2024-08-01,529.138427734375,540.6954412129795,525.6498647611072,538.4542082657176,76428700.0
2024-08-02,519.2866821289062,523.2721666167066,515.0964813658185,522.063852889589,82789100.0
2024-08-05,504.1631774902344,510.2048061292907,497.23479185731094,498.5698192467497,146267400.0
2024-08-06,508.81134033203125,516.2171692769037,504.6406473484446,505.9561368728723,84826300.0
2024-08-07,505.4104309082031,518.0101770927619,504.8160280713854,514.9698250199898,70698300.0
2024-08-08,517.0941162109375,517.7177216624609,508.5091775662785,510.52624530905064,63276600.0
2024-08-09,519.3743286132812,520.8555180126824,515.0575036936727,516.2755714297688,45619600.0
2024-08-12,519.6472778320312,522.044397411093,517.3865366569688,520.5632672781688,42542100.0
2024-08-13,528.1932373046875,528.4271563186212,522.5804299657759,522.8240435638112,52333100.0
2024-08-14,529.8594970703125,531.0386081211183,526.3222233938623,528.9824644571885,42446900.0
2024-08-15,538.94140625,539.22397656437,534.8584406614526,535.4625975238755,60846800.0
2024-08-16,540.1497802734375,540.8416642629177,537.1777064456791,537.3335929699142,44430700.0
2024-08-19,545.3143310546875,545.3143310546875,539.7112190916396,540.5589895349276,39121800.0
2024-08-20,544.4276123046875,546.5129587158026,543.0926147134523,544.8661286211883,33732300.0
2024-08-21,546.2984619140625,547.7503890311748,540.558912894909,545.4701997056032,41514600.0
2024-08-22,542.010986328125,548.7932102196837,540.8026724138992,548.1890532625708,56121500.0
2024-08-23,547.77001953125,548.7055171032431,543.053634385247,545.236462053231,50639400.0
2024-08-26,546.4642333984375,549.5045262116546,544.7686923459864,548.7931935686311,35788600.0
2024-08-27,547.2144775390625,547.7017046206906,544.0572555662667,545.1973502840069,32693900.0
2024-08-28,544.037841796875,547.3022994954773,540.8611111576025,546.8735372102509,41066000.0
2024-08-29,544.08642578125,549.2802828145968,542.9463311315743,545.9963772385526,38715200.0
2024-08-30,549.2803344726562,549.7870696872616,542.9074254374239,546.4446989296116,62700100.0
2024-09-02,549.2803344726562,549.7870696872616,542.9074254374239,546.4446989296116,62700100.0
2024-09-03,537.9766845703125,546.4836505961764,535.4723301709399,546.1523100029519,60600100.0
2024-09-04,536.8756713867188,540.2667537157464,535.4237438257495,536.144830576085,47224900.0
2024-09-05,535.56982421875,539.6527901961324,533.1239343608661,536.817154296066,44264300.0
2024-09-06,526.5560913085938,537.5089477091443,525.659610039857,535.8913798019039,68493800.0
2024-09-09,532.4514770507812,533.7183150530045,528.8167820276888,530.7364876707761,40445800.0
2024-09-10,534.770751953125,535.1216007015946,529.4989803786028,534.3517437427556,36394600.0
2024-09-11,540.2569580078125,541.1729474655668,526.1663863296421,534.683107736862,75248600.0
2024-09-12,544.8077392578125,545.1098177442108,538.6199181027828,540.8319486336209,51819600.0
2024-09-13,547.653076171875,548.6470386001909,545.1584755178029,545.4118431545087,39310500.0
2024-09-16,548.4618530273438,548.7249152296453,545.5969551700833,547.389917673041,36656100.0
2024-09-17,548.6859741210938,552.1063181322738,546.4641898322706,550.6640853659264,49321000.0
2024-09-18,547.0587158203125,554.1624668793891,546.5032696834501,549.3389057758787,59044900.0
2024-09-19,556.3939819335938,558.245469176007,553.5680997187276,556.4232441155169,75315500.0
2024-09-20,555.43212890625,556.4682163688195,552.4215869805491,555.0314034219361,77503100.0
2024-09-23,556.820068359375,557.4652143001452,555.2854753286341,556.4975550473902,44116900.0
2024-09-24,558.4132690429688,558.471913246618,554.7967173955426,557.6117584874984,46805700.0
2024-09-25,557.181640625,558.9899461465259,556.0771251545262,558.2568638249757,38428600.0
2024-09-26,559.3907470703125,561.7464186568862,557.0449191197562,561.4238456875147,48336000.0
2024-09-27,558.5794067382812,561.2673753932927,557.5531033653197,560.4561405350975,42100900.0
2024-09-30,560.8178100585938,561.4238200592039,555.2659399397932,557.5531235786384,63557400.0
2024-10-01,555.793701171875,561.1109941219235,553.232804974523,560.465907913519,72668800.0
2024-10-02,556.0284423828125,557.0450217078318,552.5194539591633,554.9044182594154,38097800.0
2024-10-03,555.0118408203125,556.9471593905891,552.7343813129046,554.5621954422553,40846500.0
2024-10-04,560.055419921875,560.4268531332793,555.2854920412735,559.4396258955153,42939100.0
2024-10-07,554.9922485351562,559.0584457401652,553.8486566717974,558.413299806086,49964700.0
2024-10-08,560.2410888671875,560.8373745453375,556.683241044493,557.553120131347,37398700.0
2024-10-09,564.12158203125,564.6787318135322,559.6350914993983,560.2313175326061,37912200.0
2024-10-10,563.1343994140625,564.5517040960426,561.5313781232933,562.7825341526946,44138100.0
2024-10-11,566.506591796875,567.2396742554129,562.9193320123793,563.0561883893231,42268000.0
2024-10-14,571.1396484375,572.0682314590191,567.6306009114653,568.1095385598273,36217200.0
2024-10-15,566.7020263671875,571.7065305951428,565.4899467305453,571.4035256005812,54203600.0
2024-10-16,569.1652221679688,569.6832957534668,565.900594951752,566.7021056174783,30725400.0
2024-10-17,569.2139892578125,572.8989689898087,569.0282726746998,572.6936844531912,34393700.0
2024-10-18,571.4035034179688,572.1854459872815,569.4388331888846,570.8952139016382,37416800.0
2024-10-21,570.4652099609375,571.6576620923939,567.5035282712228,570.6802188403536,36439000.0
2024-10-22,570.1621704101562,571.3155462187071,567.288485036852,567.9433552717076,34183800.0
2024-10-23,564.9523315429688,568.5884509212708,561.462852493989,568.1485895916966,49314600.0
2024-10-24,566.1741943359375,566.9757049256177,563.5644376745634,566.897492764615,34979900.0
2024-10-25,565.9786376953125,571.27642231265,565.0403304898274,568.39295320261,47268200.0
2024-10-28,567.7283935546875,569.5659916825215,567.4253885260767,569.4389192842264,30174700.0
2024-10-29,568.647216796875,569.7614568362504,565.3825298731324,566.7704826769054,42899700.0
2024-10-30,566.9268188476562,570.1621533327376,566.2230287475197,568.1779150746601,41435800.0
2024-10-31,555.8132934570312,562.6456116079135,555.6177928931281,562.5771834276276,60182500.0
2024-11-01,558.1590576171875,562.5673353166255,557.7485482406672,558.4327703071272,45667500.0
2024-11-04,556.9569702148438,559.586295105694,555.0802957635589,558.2960627771841,38217000.0
2024-11-05,563.6914672851562,563.7305435334926,557.6508758763042,557.8658847297456,39478300.0
2024-11-06,577.7079467773438,578.5778854519942,572.1854290723838,575.9094848869298,68182000.0
2024-11-07,582.1748657226562,583.1914447197324,579.6237535704865,579.7019657221982,47233200.0
2024-11-08,584.6967163085938,586.1140207981344,582.7222620683345,582.7222620683345,46444900.0
2024-11-11,585.25390625,586.6320749270757,583.5335966542183,586.2802096893201,37586800.0
2024-11-12,583.4359741210938,585.7720184458327,580.9630137474933,585.1757923053867,43006100.0
2024-11-13,583.7192993164062,585.7132619411553,581.5396200997641,583.8952319310844,47388600.0
2024-11-14,579.9659423828125,584.3253608590082,579.2817798181851,583.8464232004079,38904100.0
2024-11-15,572.5374145507812,576.8870491794336,570.6900323906797,576.4178358264271,75988800.0
2024-11-18,574.8832397460938,576.1929802203847,572.1366267509276,572.9967218779136,37001700.0
2024-11-19,576.9846801757812,577.7079785622685,570.8561521859538,571.5208063697094,49412000.0
2024-11-20,577.18017578125,577.4636128156191,571.4425893061045,577.0628873767942,50032600.0
2024-11-21,580.2786865234375,581.6959910919024,574.1990184692589,580.014817427747,46750300.0
2024-11-22,582.0772094726562,582.7027874385594,579.7704578390868,580.2689037579424,38226400.0
2024-11-25,584.0516967773438,587.3065398623395,581.7742372889147,585.9967993093868,42441400.0
2024-11-26,587.1012573242188,587.7659115133398,584.5794372696156,585.2929516850081,45621300.0
2024-11-27,585.3223266601562,587.2967213513849,583.807301635719,586.9155638447446,34000200.0
2024-11-28,585.3223266601562,587.2967213513849,583.807301635719,586.9155638447446,34000200.0
2024-11-29,588.9583740234375,589.7403166328984,585.8598958585202,586.1335489255529,30177400.0
2024-12-02,590.0140991210938,590.6885373789082,588.8802314936704,589.3689531396692,31746000.0
2024-12-03,590.2877197265625,590.5320805361104,588.7531863419945,589.7794898104154,26906600.0
2024-12-04,593.9530639648438,594.1974247464545,591.3042312735546,591.9688854405287,42787600.0
2024-12-05,592.9756469726562,594.7546007001943,592.6237817496434,593.9530901421784,28762200.0
2024-12-06,594.0997924804688,595.3313805479372,593.3276337729875,593.738143242676,31241500.0
2024-12-09,591.0404052734375,594.1486677967985,590.4539631589937,593.9825191407734,34742700.0
2024-12-10,589.2028198242188,592.135149776554,588.5479495058842,591.7148563090614,37234500.0
2024-12-11,593.7576293945312,594.7057206012569,591.8418193692619,592.1155320836123,28677700.0
2024-12-12,590.6982421875,593.4643633790662,590.6982421875,592.8974892997352,31543800.0
2024-12-13,590.5809326171875,593.4350498406591,589.2124883774769,592.7215354493896,35904700.0
2024-12-16,593.1027221679688,594.0704410234347,591.5584049068509,592.3305635374098,43695200.0
2024-12-17,590.6591186523438,591.5192734247074,589.2907339933267,590.5613981975558,55773500.0
2024-12-18,573.0553588867188,592.7312332463192,572.6741417666346,590.3560537155035,108248700.0
2024-12-19,572.8794555664062,579.6238377441589,572.6350947579137,578.020816522432,85919500.0
2024-12-20,579.7603149414062,584.27166262691,569.7175591199479,570.561034960996,125716700.0
2024-12-23,583.2319946289062,583.8302272741931,576.3374142722774,579.5052219390004,57635800.0
2024-12-24,589.7147216796875,589.7539893082886,583.997031715741,584.5756905048978,33160100.0
2024-12-25,589.7147216796875,589.7539893082886,583.997031715741,584.5756905048978,33160100.0
2024-12-26,589.7539672851562,590.8719573339298,586.5567683514358,587.9493923534018,41219100.0
2024-12-27,583.5458984375,586.2625477535164,579.3777835694219,586.0271215733671,64969300.0
2024-12-30,576.88671875,580.338917958557,573.150128529516,576.5631199685903,56578800.0
2024-12-31,574.7880249023438,579.2601650774656,573.1599745686183,578.5441892688881,57052700.0
2025-01-01,574.7880249023438,579.2601650774656,573.1599745686183,578.5441892688881,57052700.0
2025-01-02,573.375732421875,579.740679758371,569.3154835989945,578.0342139844852,50204000.0
2025-01-03,580.5448608398438,581.1823013188991,575.1311959956543,576.2100381173573,37888500.0
2025-01-06,583.8890991210938,588.1455060566466,582.1629997160619,584.7815995417147,47679400.0
2025-01-07,577.288818359375,586.2330977215739,575.4744864171694,585.9094391002772,60393100.0
2025-01-08,578.13232421875,579.2013495963691,573.9250009242365,577.357566647636,47304700.0
2025-01-09,578.13232421875,579.2013495963691,573.9250009242365,577.357566647636,47304700.0
2025-01-10,569.3056640625,574.6604875516765,567.4030397334539,574.5918290616524,73105000.0
2025-01-13,570.1883544921875,570.5414039943755,564.2646890570356,564.6766400021115,47910100.0
2025-01-14,570.972900390625,573.7287574980859,567.2068596443902,573.101074063849,48420600.0
2025-01-15,581.35888671875,582.4965105633459,577.847846118657,578.956079102548,56900200.0
2025-01-16,580.2408447265625,582.8985926554029,579.5445027973688,582.7220679112103,43319700.0
2025-01-17,586.0664672851562,587.8121409710091,584.1343920679883,585.4584175885924,58070600.0
2025-01-20,586.0664672851562,587.8121409710091,584.1343920679883,585.4584175885924,58070600.0
2025-01-21,591.4310302734375,591.4408471810177,587.1354148968001,589.0968809186732,42532900.0
2025-01-22,594.7557373046875,596.1091536661693,593.6965288784859,594.2457369774064,48196000.0
2025-01-23,598.0018920898438,598.0018920898438,593.8534110339756,594.1279851220985,41152100.0
2025-01-24,596.2562866210938,599.0122041549142,595.1088456305246,598.060861901113,34604700.0
2025-01-27,587.8219604492188,588.1358022067521,583.1831123008667,583.3498201579582,70361100.0
2025-01-28,592.8726196289062,593.7062185767892,585.7426729191386,589.0477377122166,44433300.0
2025-01-29,590.21484375,592.4901511824414,587.6747192887742,592.0880171861997,37177400.0
2025-01-30,593.382568359375,594.9125091757996,589.1457953617726,592.3234200043604,39281300.0
2025-01-31,590.2247314453125,598.2079122989969,589.4695478929073,595.7952876097377,66566900.0
2025-02-03,586.2527465820312,588.7241528776601,579.1129820721995,581.2509726905776,65857200.0
2025-02-04,590.185546875,590.6954873423298,585.7722482747779,586.3116394651887,33457800.0
2025-02-05,592.5784301757812,592.7255640609287,587.0471418694162,589.0674493379312,30653100.0
2025-02-06,594.6380004882812,594.7655005585997,591.0190935628144,594.3143418590737,35771500.0
2025-02-07,589.1950073242188,596.4131881290857,588.4888484089631,595.1970887375172,50788500.0
2025-02-10,593.1962890625,593.8337894109928,591.1269569453736,592.3921407355843,26048700.0
2025-02-11,593.6473999023438,594.1867909987916,590.8228845015021,590.9405676549386,30056700.0
2025-02-12,591.7349853515625,592.9020598913557,586.9784547529548,587.6551628450902,45076100.0
2025-02-13,597.9822998046875,598.1882752794738,591.5781445820884,592.8334516677448,40921300.0
2025-02-14,597.952880859375,599.2180047928703,597.3350143232245,598.1882471856823,26910400.0
2025-02-17,597.952880859375,599.2180047928703,597.3350143232245,598.1882471856823,26910400.0
2025-02-18,599.7083740234375,599.7083740234375,596.6583089558027,599.1101412981178,26749000.0
2025-02-19,601.12060546875,601.4148133650798,597.8155404050764,598.3255406648384,31011100.0
2025-02-20,598.619873046875,599.8948141022244,595.324624204348,599.7574971023196,36554000.0
2025-02-21,588.3809204101562,598.5412992676794,587.9199448031515,598.4039822903428,76519800.0
2025-02-24,585.7034912109375,591.4113636230724,584.9973324269623,590.4208138598086,50737200.0
2025-02-25,582.7907104492188,586.3704094872951,578.200887648266,585.6446767168586,58266500.0
2025-02-26,583.0848999023438,588.0278318848362,580.4565429896904,584.4481329600031,43321600.0
2025-02-27,573.7777099609375,586.4978454436941,573.3854527582961,585.350344974499,74196700.0
2025-02-28,582.73193359375,583.2615078706541,571.2181376161361,574.2780198233005,88744100.0
2025-03-03,572.5224609375,585.8310134980443,568.727029424783,584.6933298193593,74249200.0
2025-03-04,565.7455444335938,574.1112244792533,561.2243803057662,568.5406690059347,109648200.0
2025-03-05,571.826171875,573.611113090913,562.0384758390375,565.5789075488999,71230500.0
2025-03-06,561.675537109375,568.991765926103,559.1354126670572,564.3921264239905,80094900.0
2025-03-07,564.82373046875,566.2654391000913,554.7320094861279,559.9004915315724,81158800.0
2025-03-10,549.7792358398438,558.56656383442,544.885388513382,556.6541826711317,99326600.0
2025-03-11,545.208984375,553.1529563050404,541.3841622094388,548.6219753669684,88102100.0
2025-03-12,548.1022338867188,552.2605321303586,543.022044250635,551.3386407379146,69588200.0
2025-03-13,540.7957153320312,548.3375536768395,539.0892496749408,547.7295040716507,74079400.0
2025-03-14,551.9663696289062,552.966736502375,540.8644642362766,545.3954461726303,62660300.0
2025-03-17,556.2227172851562,558.7333912461695,551.5151512314662,551.9466761244148,49008700.0
2025-03-18,550.2108154296875,554.1337472059147,548.2885573100283,553.9179548314441,66041400.0
2025-03-19,556.203125,559.9495323368723,550.8090933649922,551.9859849662871,66556000.0
2025-03-20,554.5946655273438,559.5768056668136,551.7603329396793,552.4763086964069,62958200.0
2025-03-21,554.777587890625,555.6727731535583,548.9247213465745,550.1543252489805,83763000.0
2025-03-24,564.712890625,565.7654388953832,560.8961948547495,561.4863807824129,58766800.0
2025-03-25,566.0703735351562,567.0048245728844,564.3292350043083,565.9129505962637,38355700.0
2025-03-26,559.3125,566.9261989456277,557.9353193986783,565.8047856022024,51848300.0
2025-03-27,557.8270263671875,561.5847029950913,555.7219301343026,557.9253706609946,42164200.0
2025-03-28,546.5933837890625,557.0303082338021,546.0130443195492,556.3023922676962,71662700.0
2025-03-31,550.2625732421875,551.5610423029548,537.9468400615768,540.8585640195936,95328200.0
2025-04-01,551.8167114257812,553.7545984642982,544.6456828297712,548.3541875419536,54609600.0
2025-04-02,555.308837890625,558.1614830372098,545.7572527723408,545.9933271249679,76014500.0
2025-04-03,527.9428100585938,539.02887941269,527.9428100585938,536.2155597389653,125986000.0
2025-04-04,497.0354309082031,517.2894637749819,496.8190194100305,515.1253487932553,217965100.0
2025-04-07,496.1501159667969,514.6335008889374,473.9385334512268,481.20796639726615,256611400.0
2025-04-08,488.3790588378906,516.4140007584771,481.17849041906084,513.3449138965836,165816600.0
2025-04-09,539.6682739257812,539.6682739257812,485.00499114058437,485.3886419991045,241867300.0
2025-04-10,516.0205688476562,524.7950065034121,501.0095530572283,523.4866909882965,162331200.0
2025-04-11,525.227783203125,527.6771446389012,511.58410272380377,514.47613358467,97866300.0
2025-04-14,530.3233032226562,535.3991423599505,525.1491197771261,535.1728543881914,68034000.0
2025-04-15,528.837890625,534.3661851955569,528.0509561027874,530.8642755383438,56892900.0
2025-04-16,517.082763671875,529.1132472234975,511.8003909253081,523.0045543647371,83484800.0
2025-04-17,517.8206176757812,522.5029590498531,515.3614098145464,519.0305887702018,79868100.0
2025-04-18,517.8206176757812,522.5029590498531,515.3614098145464,519.0305887702018,79868100.0
2025-04-21,505.4951171875,513.1875268574667,500.16354114488826,512.6562995153043,69368100.0
2025-04-22,518.64697265625,520.6635112296127,510.71848838241135,511.6529994400941,75948100.0
2025-04-23,526.68359375,536.5302712837308,525.1687433752924,531.6118557355538,90590700.0
2025-04-24,537.769775390625,538.4976913582739,526.7131857388315,527.9624225863133,64150400.0
2025-04-25,541.6553955078125,542.0586792500782,534.8187844540605,537.7305086834277,61119600.0
2025-04-28,541.8618774414062,544.5178341418862,536.127047500035,542.3931048050576,47613800.0
2025-04-29,545.2752685546875,546.3868353532918,539.5993973829874,539.9535089190233,47775100.0
2025-04-30,545.4916381835938,547.4393716679848,532.6841242611865,538.6353953740775,93101500.0
2025-05-01,549.3575439453125,554.8662060499098,548.7575115851928,551.2265660956555,63186100.0
2025-05-02,557.5122680664062,559.105829955879,553.203731094349,555.5153624660799,60717300.0
2025-05-05,554.3153686523438,557.4041485271615,552.5349043366007,553.3907039776933,38659200.0
2025-05-06,549.6821899414062,554.1579367361115,547.8722463773032,548.8263903141681,48264700.0
2025-05-07,551.993896484375,554.6203140304898,546.9672292946763,551.0102132045591,55588000.0
2025-05-08,555.840087890625,561.0044252601681,552.5349263835409,556.0171436814404,65130800.0
2025-05-09,555.1317138671875,558.2401258599933,553.5774778511606,557.2367499454477,37603400.0
2025-05-12,573.4774169921875,573.4872634297448,567.6244903747194,571.9821994255728,78993600.0
2025-05-13,577.2646484375,579.4680890959,573.3299158219985,573.890562385163,67947200.0
2025-05-14,578.00244140625,579.3697154326957,575.9858428026291,578.2188228927168,66283500.0
2025-05-15,580.8255615234375,581.3271894858746,575.5529743261593,576.0054901792878,71268100.0
2025-05-16,584.5045776367188,584.7996705930015,579.664873035907,581.6027001482121,76052100.0
2025-05-19,585.1439208984375,585.8226647003453,578.5040593733968,578.5040593733968,68168500.0
2025-05-20,583.1765747070312,584.3570065824167,579.9796042324612,583.4127091135157,60614500.0
2025-05-21,573.3495483398438,582.910979810613,572.3265394745135,578.8385171464103,95197700.0
2025-05-22,573.5758666992188,577.0482371941405,571.9232260794693,573.1528300863163,70860400.0
2025-05-23,569.6607055664062,572.3166619439528,566.207968279521,566.5817726606184,76029000.0
2025-05-26,569.6607055664062,572.3166619439528,566.207968279521,566.5817726606184,76029000.0
2025-05-27,581.5043334960938,581.6616963869777,568.9918522772189,576.5072061511252,72588500.0
2025-05-28,578.1400756835938,583.0978771602481,577.412159762467,581.9075989404909,68445500.0
2025-05-29,580.4223022460938,583.5209285665185,576.5072620387259,583.383198499108,69973300.0
2025-05-30,579.7730102539062,581.4846092815853,573.7233350319688,579.3204944032111,90601200.0
2025-06-02,583.038818359375,583.1174697772985,575.5136188023458,578.1695751189003,61630500.0
2025-06-03,586.3637084960938,587.3375451970118,582.1928415555221,582.6748967264019,63606200.0
2025-06-04,586.2064208984375,588.1934805096547,585.7735978159724,587.2196435839252,57314200.0
2025-06-05,583.3732299804688,589.2261562279789,581.4058638494905,587.8785152313988,92278700.0
2025-06-06,589.364013671875,591.0264408134955,587.1211869788787,588.8918048716712,66588700.0
2025-06-09,589.8950805664062,591.4394702547755,588.7244952632093,589.9344062766999,53016400.0
2025-06-10,593.2396850585938,593.6232758793388,589.3147986704665,590.426305457828,66247000.0
2025-06-11,591.5476684570312,595.1873080200999,589.4918043518763,594.3315085062023,73658200.0
2025-06-12,593.898681640625,593.898681640625,589.7377212700143,590.2197163908625,64129000.0
2025-06-13,587.2588500976562,592.0296894370186,585.7636324727854,588.7343748466453,89506000.0
2025-06-16,592.8462524414062,594.587391119647,590.4263698749754,590.6034857060379,79984100.0
2025-06-17,587.7802124023438,591.9313264126861,587.0227571759267,590.4164759991057,82209400.0
2025-06-18,587.691650390625,591.4099413940326,586.7374465360585,588.6753335186196,76605000.0
2025-06-19,587.691650390625,591.4099413940326,586.7374465360585,588.6753335186196,76605000.0
2025-06-20,586.3114624023438,591.421997724495,584.9104595060545,590.3564623402502,94051400.0
2025-06-23,592.1026611328125,592.4873858895392,583.9534091720473,587.0611349460189,87426000.0
2025-06-24,598.6439208984375,599.6995206392156,595.3190526903905,596.2267600772981,67735300.0
2025-06-25,598.979248046875,600.4492593088346,597.4204170810242,599.7586334214261,62114800.0
2025-06-26,603.6655883789062,604.0996909412141,600.2125189749694,600.8242007377552,78548400.0
2025-06-27,606.664794921875,608.1249909093486,602.6395460052738,604.6620460106875,86258400.0
2025-06-30,609.5653686523438,610.9169938229498,606.7930496988761,609.1016996773074,92502500.0
2025-07-01,609.3681030273438,610.5322734636828,607.2666588703396,608.0953617899536,70030100.0
2025-07-02,612.1305541992188,612.1699961712587,608.3420172970813,608.9635746030316,66510400.0
2025-07-03,616.9550170898438,617.8824153010514,614.0840027457131,614.1037538406599,51065800.0
2025-07-04,616.9550170898438,617.8824153010514,614.0840027457131,614.1037538406599,51065800.0
2025-07-07,612.357421875,615.6625385416997,609.5851029977032,615.0014790783108,74814500.0
2025-07-08,612.0220336914062,613.7682592313246,611.2130216520668,613.0184402574613,59024600.0
2025-07-09,615.6920776367188,616.3432013077288,612.5842913923066,614.4193967168262,66113300.0
2025-07-10,617.4285278320312,618.4644365752275,614.6562088976586,615.8302548644143,57529000.0
2025-07-11,615.258056640625,616.4814202079069,613.196114561925,614.389851486408,63670200.0
2025-07-14,616.4320678710938,616.7773507170579,613.4624186155016,614.804168244691,51898500.0
2025-07-15,613.7978515625,619.4411242116038,613.7189074073614,619.1057169315715,74317300.0
2025-07-16,615.8499755859375,616.3531467698953,609.7627242916457,615.3764310442137,88987500.0
2025-07-17,619.6187133789062,619.9739319743786,615.8104858123922,616.0275671883336,68885700.0
2025-07-18,619.1649780273438,621.0295897988693,618.0600006009754,620.861886140426,65621600.0
2025-07-21,620.3389892578125,623.0718060276608,619.9147622533486,620.3389892578125,63375000.0
2025-07-22,620.4276733398438,621.2860027914654,617.7934919268233,620.6644455724645,60046300.0
2025-07-23,625.7061157226562,625.7061157226562,621.2861455699198,623.0817490356008,70511000.0
2025-07-24,625.9132080078125,627.6200518287297,625.488980993582,626.0907872079496,71307100.0
2025-07-25,628.5572509765625,629.0308557161836,626.3276053702117,626.5742531786653,56865400.0
2025-07-28,628.3994140625,629.4846403177779,627.0181622678288,628.9321516432593,54917100.0
2025-07-29,626.741943359375,630.1061928990167,625.8342963044605,629.7904764849706,60556300.0
2025-07-30,625.9526977539062,629.129492632239,623.0718079865017,627.3930824208583,80418900.0
2025-07-31,623.6045532226562,631.2703255386737,622.3121212201215,630.8856007534994,103385200.0
2025-08-01,613.3834838867188,617.9415908673775,610.9860743719428,617.9020886786027,140103600.0
2025-08-04,622.7067260742188,622.7560435889075,617.1917152069655,617.280474690056,73218000.0
2025-08-05,619.5496215820312,624.1274190145356,618.6320990296246,623.3184070376644,68051400.0
2025-08-06,624.2952270507812,624.9463507668227,619.7075537473198,620.615200817688,64357500.0
2025-08-07,623.7723388671875,628.4388963678413,620.674427785601,627.7088284528788,74205800.0
2025-08-08,628.63623046875,629.099959687417,625.2423540250035,625.5580704635792,64051600.0
2025-08-11,627.3930053710938,630.3824053553956,626.14989093076,628.9123942278318,58742300.0
2025-08-12,634.072265625,634.2300937128912,628.251353780633,629.7312404986845,64730800.0
2025-08-13,636.2428588867188,637.5254154950222,634.0624705008762,636.2625497647373,60092800.0
2025-08-14,636.3020629882812,636.9630622902898,633.7270741796365,634.1709920856589,59327500.0
2025-08-15,634.812255859375,637.4267466743545,633.9046087993034,637.3280514224831,68592500.0
2025-08-18,634.6741333007812,635.3647592128409,633.5691559281859,634.2400307460651,43804900.0
2025-08-19,631.2308959960938,635.4732259966958,629.9187128752989,634.4965103700933,69750700.0
2025-08-20,629.5537719726562,631.0829764734092,624.4629872631401,630.8265133126017,88890300.0
2025-08-21,627.028076171875,629.4156102095885,625.3114169787772,627.7483287539096,54805800.0
2025-08-22,636.6571044921875,637.8311503175282,628.7051825829001,629.2083536818665,84083200.0
2025-08-25,633.855224609375,636.6374190424261,633.7368384817344,635.4041800322128,51274300.0
2025-08-26,636.5092163085938,636.8545593934813,632.9673872646679,633.5889446007113,51581600.0
2025-08-27,637.95947265625,638.6895405097797,635.7790844255956,635.9270971923372,48341100.0
2025-08-28,640.2188110351562,640.7712997557803,636.6868575289449,638.5613448732837,61519500.0
2025-08-29,636.400634765625,639.1532627231435,634.5162720889837,638.7881685836082,74522200.0
2025-09-01,636.400634765625,639.1532627231435,634.5162720889837,638.7881685836082,74522200.0
2025-09-02,631.6847534179688,631.9017745733,626.406454480519,628.9518765829083,81983500.0
2025-09-03,635.1082153320312,635.5719445130327,631.8722274787872,634.05255551225,70820900.0
2025-09-04,640.4161376953125,640.4457643382553,634.8813749728572,635.7791465574808,65219200.0
2025-09-05,638.5612182617188,643.4646073746923,634.7036735299132,642.7443549194211,85178900.0
2025-09-08,640.1300048828125,641.1264716601992,638.5514227841185,639.922799046398,63133100.0
2025-09-09,641.60986328125,642.1327252974712,638.5415189260096,640.2680535026645,66133900.0
2025-09-10,643.4646606445312,645.7732503039375,641.9058297062181,644.8557277247635,78034500.0
2025-09-11,648.8119506835938,649.5025765403432,644.8261440671411,645.4081991313436,69934400.0
2025-09-12,648.5948486328125,650.2720655980789,648.091737738302,648.7823033562848,72780100.0
2025-09-15,652.0479736328125,652.1762353081463,650.499078415473,650.7950437367242,63772400.0
2025-09-16,651.1502685546875,652.9064300011956,650.3708830930857,652.6005288851532,61169000.0
2025-09-17,650.3412475585938,652.8471677889224,645.5266771850337,651.1601352003632,101952200.0
2025-09-18,653.3798828125,655.9746224265324,651.4165760040546,653.0148488941834,90459200.0
2025-09-19,656.6160278320312,657.4569312262267,653.3215535907623,655.2606553211801,97945600.0
2025-09-22,659.7225341796875,660.1676828141602,655.1023357778903,655.1320445581616,69452200.0
2025-09-23,656.1312866210938,660.2172101260659,654.914373896894,659.6037721086419,81708900.0
2025-09-24,654.043701171875,657.5162467217733,652.6289715744526,657.4173382288552,68082200.0
2025-09-25,651.0263061523438,652.3717757310584,647.4251431178142,650.91749472694,89622100.0
2025-09-26,654.756103515625,655.3002210405111,650.8581544995363,652.4707616041429,69179200.0
2025-09-29,656.5962524414062,658.1792111877495,654.7956708332731,657.2689872647139,73499000.0
2025-09-30,659.0695190429688,659.5345338964465,654.5482897020846,655.8542079251938,86288000.0
2025-10-01,661.3153076171875,662.2254710850941,655.9828233173913,656.0916347397471,72545400.0
2025-10-02,662.0769653320312,663.4125921637317,659.6630669539827,663.2938778298502,56896000.0
2025-10-03,662.0672607421875,665.5001949823258,661.0284195287326,662.8389040732001,70494400.0
2025-10-06,664.4415893554688,665.3320074034157,662.314573504463,664.4514922823549,54623300.0
2025-10-07,661.9781494140625,665.8068381763353,660.5436138980969,665.3616291701808,72020100.0
2025-10-08,665.925537109375,666.0245059882836,662.2749199573431,663.0960778489103,60702200.0
2025-10-09,663.996337890625,666.7466945063586,662.0671995495462,666.3410972158545,66501900.0
2025-10-10,646.0499877929688,666.7565834688588,645.8719162752307,664.9560020556908,159422600.0
2025-10-13,655.9630126953125,658.030731623523,652.7279561413051,653.5985682812151,79560500.0
2025-10-14,655.16162109375,658.7232324647772,646.1983260713891,650.1556317834018,88779600.0
2025-10-15,658.0702514648438,663.0762408380068,651.8968641380318,659.7026642450096,81702600.0
2025-10-16,653.588623046875,661.572494532197,650.0962717870328,659.702653099313,110563300.0
2025-10-17,657.2986450195312,658.6540174880462,651.1153544209424,652.4608239631079,96500900.0
2025-10-20,664.1348876953125,665.0352086527322,660.1479331778372,660.197387427611,60493400.0
2025-10-21,664.125,665.8068672167763,662.8289846309673,664.2734231364246,56249000.0
2025-10-22,660.6722412109375,664.8274246920023,656.2202718491607,664.8274246920023,80564000.0
2025-10-23,664.5899658203125,665.5298380529869,660.6722112216523,660.988802941274,65604500.0
2025-10-24,670.0213623046875,671.2283116328227,668.4384640813665,669.2398161192735,74356500.0
2025-10-27,677.9260864257812,678.2228723013301,674.8393925526769,675.4428672302427,63339800.0
2025-10-28,679.7266235351562,681.5568533012904,677.520444889974,679.7167206093349,61738100.0
2025-10-29,680.05322265625,682.338564675443,675.5814471238866,681.368983551386,85657100.0
2025-10-30,672.5738525390625,678.6186229721906,672.5738525390625,676.600418646911,76335800.0
2025-10-31,674.7799682617188,677.7677533403644,671.9900605416568,677.7281416384325,87164100.0
2025-11-03,676.04638671875,678.4800912258883,672.6826525168186,678.3514739521635,57315000.0
2025-11-04,668.0328369140625,672.7024895383894,667.3799079726423,668.8935461650569,78427000.0
2025-11-05,670.3478393554688,673.5927987432043,666.9742023136038,667.7755543304748,74402400.0
2025-11-06,663.1554565429688,670.150002278421,661.5824008089137,669.2496813312496,85035300.0
2025-11-07,663.808349609375,663.9172214121945,654.1525740278607,660.781013040124,100592400.0
2025-11-10,674.1666259765625,674.8987178962867,667.8250699305912,670.011442763763,75842900.0
2025-11-11,675.7099609375,676.2738842563608,671.485517700804,672.6925273614432,58953400.0
2025-11-12,676.0859985351562,677.6491514285055,673.6819422079296,677.4809224347684,62312500.0
2025-11-13,664.8670043945312,673.5928719621189,663.3632690735044,673.2367288900627,103457800.0
2025-11-14,664.7581176757812,668.4482860302248,656.1905771441307,658.2780414721369,96846700.0
2025-11-17,658.56494140625,666.5191649555097,655.1022987242936,662.5519561070769,90456100.0
2025-11-18,653.0346069335938,658.0207904035176,648.8596179987588,655.0330052616243,114467500.0
2025-11-19,655.5574340820312,660.2171837101976,651.7188423695233,653.7272041810384,94703000.0
2025-11-20,645.5652465820312,668.3494043558474,644.9320631333248,665.7276649913678,165293500.0
2025-11-21,651.995849609375,657.4568906385811,643.9031059831046,648.0582892153691,123956200.0
2025-11-24,661.59228515625,662.9081062970187,654.5285399004904,655.6167748873626,80437900.0
2025-11-25,667.815185546875,668.9924864834618,657.3876457131933,661.4933747936815,81077100.0
2025-11-26,672.4254760742188,674.4239350690651,669.4970476879164,670.3973686817876,71879600.0
2025-11-27,672.4254760742188,674.4239350690651,669.4970476879164,670.3973686817876,71879600.0
2025-11-28,676.0958251953125,676.3728052050843,673.2366572287348,673.5928002628821,49212000.0
2025-12-01,673.0090942382812,675.7000330812516,671.4953958513415,671.5646559458772,61201200.0
2025-12-02,674.2556762695312,676.5212120744054,672.0791460292079,674.6414676887413,62953800.0
2025-12-03,676.5905151367188,677.5995871066391,672.4353317565424,673.3059439079583,57238500.0
2025-12-04,677.0851440429688,678.05466464181,674.0677104452674,677.9854045442221,61970300.0
2025-12-05,678.371337890625,681.0425317051524,677.273199890512,678.153654645799,79241000.0
2025-12-08,676.3333129882812,679.3111955598065,674.2953027143022,679.2617413091358,55231500.0
2025-12-09,675.74951171875,678.0744650894321,675.3043631264671,675.8583835190601,58310100.0
2025-12-10,680.2312622070312,681.616283144729,674.0380683519487,675.2747265375898,85671300.0
2025-12-11,681.8140869140625,681.8932499368323,674.8888018222121,677.8271327535609,86173700.0
2025-12-12,674.4832763671875,681.5272765513724,671.9208940415416,680.8248329648462,113160300.0
2025-12-15,673.4642333984375,678.4405748577324,672.0000494482242,678.4207690042323,90811000.0
2025-12-16,671.6240844726562,673.8105178026394,667.7755898483048,671.9802275249427,122030600.0
2025-12-17,664.2337646484375,673.1772535061897,664.0358872930294,672.6331360665856,110625200.0
2025-12-18,669.2496948242188,673.47413846835,667.6965052957117,670.3676386439364,108650100.0
2025-12-19,675.3153686523438,675.8114935895343,671.2272434527378,671.3463691548195,103599500.0
2025-12-22,679.5225219726562,680.0483829319917,675.3153920494597,678.6394050189502,69556700.0
2025-12-23,682.6282348632812,682.8663651395233,678.5699062922599,678.6195066727895,64840000.0
2025-12-24,685.0294799804688,685.4760045408373,682.4694583215327,682.6183200290311,39445600.0
2025-12-25,685.0294799804688,685.4760045408373,682.4694583215327,682.6183200290311,39445600.0
2025-12-26,684.9599609375,686.2994739503212,683.9280429419551,685.287420330769,41613300.0
2025-12-29,682.51904296875,683.8586166189733,680.7528697076866,682.2114479341877,62559500.0
2025-12-30,681.6856079101562,683.2235831301442,681.2589477241032,682.1222002850684,47160700.0
2025-12-31,676.635009765625,682.0328514439952,676.4266760541103,681.8145855439083,74144800.0
2026-01-01,676.635009765625,682.0328514439952,676.4266760541103,681.8145855439083,74144800.0
2026-01-02,677.8753662109375,681.5467030561866,674.5513531776926,680.395719787287,89377200.0
2026-01-05,682.3900756835938,684.0868448237256,681.0604947255163,681.2192280630002,71927200.0
2026-01-06,686.4483642578125,686.9544213697425,682.4496288665487,682.5984300063299,69273800.0
2026-01-07,684.2356567382812,688.5817158514149,683.9776620917838,686.8254142672773,75588300.0
2026-01-08,684.1661987304688,685.2675815209567,682.1618346683338,683.4815439165204,64019200.0
2026-01-09,688.6908569335938,689.9212370510019,683.8387406584166,685.2775150455628,80125500.0
2026-01-12,689.7723388671875,690.6951844685583,685.277478801028,685.3270791782115,63976000.0
2026-01-13,688.3932495117188,690.6952766040527,685.9919610896558,690.0998903120652,78309700.0
2026-01-14,685.0095825195312,686.3590277621203,680.7230559588451,685.6446369497345,94676700.0
2026-01-15,686.8750610351562,690.0602050162862,685.8927433241695,689.1870202593807,77862000.0
2026-01-16,686.2994995117188,688.869453251486,684.7515921796883,688.2839991969948,79289200.0
2026-01-19,686.2994995117188,688.869453251486,684.7515921796883,688.2839991969948,79289200.0
2026-01-20,672.3286743164062,679.4629532027941,671.3264922720098,676.2083446056304,111623300.0
2026-01-21,680.0880126953125,683.4020929933814,672.8743375287692,674.382576550426,127844500.0
2026-01-22,683.6403198242188,685.7736813437502,681.5962874434288,684.5035723961656,77112200.0
2026-01-23,683.8883056640625,685.6049389887335,681.8343413244536,682.8167194920136,63059600.0
2026-01-26,687.3612060546875,688.7503800429489,684.5729864520383,685.138576123168,60473800.0
2026-01-27,690.099853515625,691.1318321418594,688.1947507195304,688.8000086063018,55506100.0
2026-01-28,690.0303344726562,692.4316225777728,688.5618241580821,691.6477064811113,61172200.0
2026-01-29,688.6610717773438,691.657685737667,679.5224893166136,690.9928952881424,97486200.0
2026-01-30,686.6071166992188,688.8298072906449,681.7947290319643,686.4285189892349,101835100.0
2026-02-02,690.0204467773438,691.5286859406688,684.0768798206813,684.2356737126761,79286500.0
2026-02-03,684.18603515625,691.5584439188771,678.7286612443456,690.8142565672537,107904600.0
2026-02-04,680.8719482421875,686.0911923060062,676.4762885369656,684.9996810996682,105204600.0
2026-02-05,672.3683471679688,678.3913111024622,670.5525129616972,675.6626239798336,113610800.0
2026-02-06,685.267578125,686.9444827733389,675.5732778299765,676.1785962582386,89127600.0
2026-02-09,688.57177734375,690.4768800480663,683.0052703670985,684.0768565720822,73885200.0
2026-02-10,686.7559814453125,691.1417089533321,686.2995246985826,689.5640655604284,65185700.0
2026-02-11,686.5972290039062,691.7370759669038,683.8387453470867,690.9928885783248,76353900.0
2026-02-12,675.9901123046875,689.9609473653614,675.097063165144,688.8595645054852,118829000.0
2026-02-13,676.46630859375,680.96122930703,672.2691112734435,676.4067760275798,96267500.0
2026-02-16,676.46630859375,680.96122930703,672.2691112734435,676.4067760275798,96267500.0
2026-02-17,677.5578002929688,679.6316291710169,670.5426469985775,674.8688419019007,81354700.0
2026-02-18,680.9711303710938,683.8090109802145,677.53798463666,678.7187643851827,73570300.0
2026-02-19,679.1751708984375,680.8620077880265,676.2678860499572,678.5401770095443,58649400.0
2026-02-20,684.0867919921875,684.7119142291095,676.4464562003476,677.0319102464942,100034000.0
2026-02-23,677.1013793945312,684.6523861034582,675.0970153480879,682.4992209190492,90558100.0
2026-02-24,682.0228881835938,683.0151380016027,674.7298762460771,676.6151751251432,73798700.0
2026-02-25,687.778076171875,688.3039371523823,684.7516653786108,684.831062331904,56369500.0
2026-02-26,683.9578247070312,687.9268241953206,679.046175727848,687.9070203801248,71671000.0
2026-02-27,680.6734619140625,681.5367144347911,676.35719931042,677.795973699009,83308900.0
2026-03-02,681.0604858398438,683.2831159083878,672.765291276125,673.4400139353526,87477200.0
2026-03-03,675.057373046875,677.3196712649806,664.4700232973693,669.8281968363514,105003100.0
2026-03-04,679.820068359375,681.7648996497006,674.3527626088865,676.3471942737264,79182200.0
2026-03-05,676.0297241210938,680.2170498641997,670.3738880206191,676.7937758642711,106606500.0
2026-03-06,667.1688842773438,670.869956423512,664.569194806431,668.1908700160953,100687000.0
2026-03-09,673.0133666992188,674.6505427155427,657.2564332632285,661.2254329083217,102667700.0
2026-03-10,671.9317016601562,678.0637980596332,669.5304741395607,672.4674947413112,81505300.0
2026-03-11,671.08837890625,674.8093159596237,668.1215614523004,672.3286912573745,68441700.0
2026-03-12,660.8978881835938,666.444591119081,660.7093583022987,665.958337853126,108882200.0
2026-03-13,657.1571655273438,667.1293254881115,656.2343803863124,664.0831110227487,97200200.0
2026-03-16,663.844970703125,666.8613885560293,661.9497395049242,663.1999840519829,82023100.0
2026-03-17,665.5912475585938,669.2129836950214,664.5097291491037,667.1788836379297,87128000.0
2026-03-18,656.3038330078125,664.5295627375546,656.0657027257738,663.1801174312507,82062600.0
2026-03-19,654.6864624023438,657.8418097710767,650.0923405870744,651.8783782687178,111272500.0
2026-03-20,645.3009643554688,653.3800315656541,641.4703334037762,653.2009461223761,163617500.0
2026-03-23,652.07666015625,659.2801583045331,650.6439158314106,654.7531040433624,134802700.0
2026-03-24,649.8877563476562,653.7183875512989,646.604401549905,648.0371459178807,96457500.0
2026-03-25,653.5094604492188,657.5589538580906,650.9424473291369,655.3501116680137,90653800.0
2026-03-26,641.838623046875,651.5493793651953,641.5699644768796,648.7734634761676,96494400.0
2026-03-27,630.89404296875,639.420794428861,629.9189411370072,639.2616275919053,103649400.0
2026-03-30,628.78466796875,637.1423539459004,626.108284608157,636.8836547011163,99275900.0
2026-03-31,647.0621337890625,648.2560368761451,634.7643854444117,635.7195686416,152534100.0
2026-04-01,651.9373779296875,655.2008748639518,649.7086779392242,650.6041659517412,97841500.0
2026-04-02,652.5244750976562,654.8825248659317,641.858474913505,643.1618697673937,68358700.0
2026-04-03,652.5244750976562,654.8825248659317,641.858474913505,643.1618697673937,68358700.0
2026-04-06,655.6087646484375,656.3947609217337,652.2159789115307,652.554231190157,39105800.0
2026-04-07,655.8972778320312,656.285326673986,647.7784337275787,653.3402849463747,69980400.0
2026-04-08,672.6027221679688,673.6673363432215,668.0756676404139,672.980811715349,93606100.0
2026-04-09,676.4830322265625,677.7267318686964,670.3740257373166,671.4386399182858,57134400.0
2026-04-10,676.0353393554688,678.5923930707559,675.0304203424645,677.885949822129,42253500.0
2026-04-13,682.6417846679688,682.840788741459,673.1698101905051,673.9955829678383,54185800.0
2026-04-14,690.959716796875,691.0791070995066,684.193942434314,684.2238203737314,63480500.0
2026-04-15,696.412109375,696.7504224001667,690.7010502942645,691.7557051691649,58240400.0
2026-04-16,698.1234130859375,699.2378238459212,695.0092450197437,697.5264615426626,49972400.0
2026-04-17,706.5607299804688,708.7993894133457,702.2028014262665,702.5808909886877,70661900.0
2026-04-20,705.1477661132812,706.3317705126415,702.5808139687996,705.20752199003,43546800.0
2026-04-21,700.53125,707.6949720613851,699.098505587723,706.7000123508461,58941400.0
2026-04-22,707.6253051757812,707.8640857857167,704.6503246823615,705.5756906371417,42518500.0
2026-04-23,704.8792114257812,708.7694771316526,698.7403270820959,705.9239069650033,56174000.0
2026-04-24,710.3414916992188,710.8687887329964,705.4363479344694,707.1675680011435,45182000.0
2026-04-27,711.5653686523438,712.0230720129201,708.7098389427747,709.5754490929214,33135900.0
2026-04-28,708.1029052734375,709.2869098023077,705.6752010599358,708.2322548988411,43117400.0
2026-04-29,707.993408203125,708.6102783309316,704.7995658491443,707.4163145996059,41859200.0
2026-04-30,715.0377197265625,716.1620290590424,706.8691393587039,711.0280636665188,67240900.0
2026-05-01,717.0177001953125,721.216400793299,716.8385540170647,717.6146516977453,43049800.0
2026-05-04,714.3909912109375,718.4802608161392,711.3861936216806,716.4406056700121,51950600.0
2026-05-05,720.1220092773438,721.3855668152729,717.8534719876392,718.1320898558575,36933200.0
2026-05-06,730.1312866210938,730.8874657022126,724.1515691652952,724.489821452625,53288900.0
2026-05-07,727.8926391601562,732.4196936796947,726.0718458933673,731.3451201928577,51724600.0
2026-05-08,733.9021606445312,734.359863963193,730.8675457398152,731.2257166531052,47227100.0
2026-05-11,735.5736694335938,737.0561496205491,732.7380586745534,732.7380586745534,44024000.0
2026-05-12,734.4593505859375,735.1160580011854,728.1413807257971,733.1758744234386,54185300.0
2026-05-13,738.5685424804688,740.1604537310201,731.7629913201908,734.7478704606156,44200200.0
2026-05-14,744.3989868164062,745.7521781705404,739.8122371427646,739.9018102364839,45307600.0
2026-05-15,735.4443969726562,739.712813256131,734.2405345152865,738.0511867146383,60410800.0
2026-05-18,734.927001953125,737.682999009625,729.6935042484962,736.1010471042457,47843900.0
2026-05-19,730.03173828125,733.9320239063612,727.8428755921286,731.0764945153984,54255900.0
2026-05-20,737.5138549804688,738.1307251173267,730.1909663879147,732.0018002736176,45768000.0
2026-05-21,738.9764404296875,741.1156280791548,733.3151780259534,734.9170485709385,43332200.0
2026-05-22,741.8817749023438,745.1651298094138,740.7275876279662,742.4787264390759,41762000.0
2026-05-25,741.8817749023438,745.1651298094138,740.7275876279662,742.4787264390759,41762000.0
2026-05-26,746.8068237304688,748.3390397979183,744.5979816306177,746.2297301040182,41123600.0
2026-05-27,746.6774291992188,747.5927750592914,744.4486686067338,747.0952952420212,42106300.0
2026-05-28,750.7965698242188,751.3438462445121,745.4536410614309,746.4685193943138,41562600.0
2026-05-29,752.6671142578125,754.2590862562773,750.8861582097875,752.0900813404212,55075700.0
2026-06-01,754.7166748046875,756.4479556154175,750.886104424133,751.5527103892452,43634900.0
2026-06-02,755.7415771484375,756.5674107365072,752.9357833937803,753.2144012702464,31581900.0
2026-06-03,750.4384155273438,754.9754294579049,749.7718095132926,754.3287420712209,51402500.0
2026-06-04,753.2740478515625,754.4878695071194,747.6823186029123,748.3091480570178,49923000.0
2026-06-05,733.83251953125,749.0255736853693,731.82274221843,748.5181345185488,93989400.0
2026-06-08,735.4940795898438,741.5832888174093,734.4693026781229,739.6132273185567,49319100.0
2026-06-09,733.3350830078125,743.1354731343894,718.9480036644643,739.881935268434,87683500.0
2026-06-10,721.7736206054688,734.6583610930755,721.6741489247238,729.69352181897,60341300.0
2026-06-11,734.04150390625,736.2702039965386,720.7587550057447,725.0868662900759,86330500.0
2026-06-12,738.0113525390625,740.6877965432628,731.3252525489901,736.9766163198905,57079500.0
2026-06-15,751.0254516601562,752.8661028247,747.9709180763429,748.0604304424444,60176400.0
2026-06-16,746.5481567382812,751.6323864215939,746.100412710964,750.7468576807364,67093100.0
2026-06-17,737.225341796875,748.3589429763433,735.4940609532621,747.5032315039188,85945200.0
2026-06-18,744.8902587890625,746.3765582049119,742.0173878962117,745.907751654771,80875700.0
2026-06-19,744.8902587890625,746.3765582049119,742.0173878962117,745.907751654771,80875700.0
2026-06-22,742.546142578125,748.321778689857,741.2892538871644,745.8479411927095,46628100.0
2026-06-23,731.7628784179688,737.7978798883457,730.4860198600484,731.9922892059834,66846800.0
2026-06-24,731.4237060546875,738.1171068570358,729.0296875445486,733.3489180103626,57439500.0
2026-06-25,732.4810791015625,737.5385276888334,727.7927091295785,737.0796452204372,53934400.0
2026-06-26,727.1842651367188,734.7056273477464,714.8050317832251,727.144386135875,71034000.0
2026-06-29,739.1644897460938,739.7231001504891,730.27658724538,734.7055914816465,58035200.0
2026-06-30,744.9202270507812,746.1671307285668,739.0547872797607,739.4537599262709,55626000.0
2026-07-01,743.9127197265625,747.5835968507926,740.541087308444,743.1545925484338,47100900.0
2026-07-02,742.9351806640625,749.4489739445169,738.1969465958291,745.5486859530862,57447800.0
2026-07-03,742.9351806640625,749.4489739445169,738.1969465958291,745.5486859530862,57447800.0
2026-07-06,749.4190673828125,750.5462122974698,745.5585975722108,746.885320136641,50673300.0
2026-07-07,745.85791015625,749.0998597580657,743.364102770238,748.3616416292718,43721500.0
2026-07-08,743.5536499023438,744.3017921335774,737.6782249675691,741.3191472958572,43767400.0
2026-07-09,749.8480224609375,750.1073272936331,743.7431866839036,745.4987759890873,41441700.0
2026-07-10,753.0799560546875,753.5487626123848,746.2468873823584,750.187115173852,42191300.0
2026-07-13,747.3142700195312,752.0425191788765,746.1471851864706,750.6060836597362,44013600.0
2026-07-14,749.9677124023438,751.4739818301254,746.8055207475287,749.0499474324819,35143100.0
2026-07-15,752.9403076171875,753.7084197839658,748.3417413555546,752.3717122204262,43844800.0
2026-07-16,748.8604125976562,752.7009125511715,746.0274814662645,750.8953984161742,46409800.0
2026-07-17,741.4487915039062,745.438883195828,738.9649691671198,740.241827732839,62651000.0
2026-07-20,740.2518310546875,746.8753371556621,739.6732506975046,745.2094908804986,50422300.0
2026-07-21,746.426513671875,747.1845799829406,742.3366329839115,744.4413918284653,34324300.0
2026-07-22,745.55859375,748.1621748950539,744.5211918106933,744.7705725456777,32836200.0
2026-07-23,736.3515014648438,740.7206569606348,733.3888874570794,737.5385562389782,55437300.0
2026-07-24,737.099609375,741.8777222786117,735.4636571620507,736.6806667930385,44782000.0
2026-07-27,737.25927734375,743.6833276942111,734.0472217265344,743.0648074406847,41461200.0
2026-07-28,739.0248413085938,740.9500533043114,734.156924420905,737.3589950224286,47322200.0
2026-07-29,727.6531372070312,740.8403618199718,727.2939826612791,738.1370526174048,70697200.0
2026-07-30,739.852783203125,740.6109103701467,732.7703947650456,734.2267392747757,66811300.0
2026-07-31,745.1796264648438,747.0449895804718,735.8527500027326,742.835410914187,62445900.0
2026-08-03,755.793212890625,756.7009928898597,746.9451890027125,747.5836183167282,59927500.0
2026-08-04,769.4193725585938,771.494176400126,758.6361522059436,758.7458651152236,69154800.0
2026-08-05,767.8831787109375,774.9256883846499,767.6039039413469,773.928165423025,44689100.0
2026-08-06,766.65625,769.9081846177485,765.5589990885744,768.3021872511085,38416900.0
2026-08-07,771.3446044921875,772.0029428489042,767.703621378493,769.1101628301597,43586300.0
2026-08-10,771.1151733398438,773.1301282404592,769.7086319253093,770.6861849056471,39249500.0
2026-08-11,768.6513061523438,772.6912620504304,767.2946895097219,772.6115040483734,36740600.0
2026-08-12,770.5764770507812,772.9805414027246,769.369513273419,772.7910096110111,33179100.0
2026-08-13,775.9531860351562,777.4394855444215,772.1925048911166,772.9506321027081,35634500.0
2026-08-14,774.4169921875,776.8708596736758,773.509212209858,776.6114939657781,31367900.0
2026-08-17,770.7560424804688,774.8559080861019,770.5964655970525,774.2573577843602,34356600.0
2026-08-18,765.5490112304688,767.5939211307613,765.0202948350139,766.7959149360092,43920900.0
2026-08-19,767.1549682617188,770.5564946026684,766.1973243479778,768.4517358705159,40306000.0
2026-08-20,760.7109985351562,766.2472997692572,760.1523881029335,764.0627220124634,45520300.0
2026-08-21,763.8232421875,765.9479709365374,762.2770937955632,764.1524418077088,39188700.0
2026-08-24,761.5787963867188,763.3244615010249,760.1922857963137,762.8856098637509,32430900.0
2026-08-25,764.0127563476562,764.8806573052586,761.159855395616,764.262137078792,27422300.0
2026-08-26,764.182373046875,765.449185749943,762.0376744224566,762.8356805789958,28751600.0
2026-08-27,769.18994140625,770.4468300957561,765.2596984507333,766.5964060257239,34557100.0
2026-08-28,767.4442749023438,773.3795487683207,766.4068729286823,769.8483393622295,36744300.0
2026-08-31,765.1499633789062,766.097622354185,762.8257178677422,765.4292990280279,38810800.0
2026-09-01,759.89306640625,762.7758614763637,757.5987149009983,760.1224772031874,41126300.0
2026-09-02,763.2646484375,764.5315220914426,759.8431519587122,760.5614001563074,29566200.0
2026-09-03,771.2548217773438,772.112737807933,765.5490195828438,765.99791709853,43531600.0
2026-09-04,768.2822265625,770.9555808433835,767.0951717806925,770.0977256925568,34054200.0
2026-09-07,768.2822265625,770.9555808433835,767.0951717806925,770.0977256925568,34054200.0
2026-09-08,764.0626831054688,767.7934091111229,763.2447069992287,767.1649647963771,44746100.0
2026-09-09,760.5115356445312,762.5763546117217,759.055130192088,762.1873669257697,32812400.0
2026-09-10,755.9528198242188,758.2271404471661,754.7657651010062,756.1523365872063,42740400.0
2026-09-11,762.3967895507812,764.4816392943262,761.7084962835214,762.8257171109622,45512700.0
2026-09-14,758.9952392578125,761.6287143614769,756.0525344863368,757.119891309806,43992400.0
2026-09-15,755.513916015625,758.4665449596201,754.2769973083872,758.2371341657202,46195000.0
2026-09-16,752.1821899414062,759.7833101686804,747.7432005092232,757.6187023523285,59217700.0
2026-09-17,760.7109985351562,761.6786274833105,758.0775841455181,761.2596848801362,49652800.0
2026-09-18,761.6900024414062,762.0,757.969970703125,761.3099975585938,65395100.0
2026-09-21,773.5,774.8900146484375,766.030029296875,766.25,50484700.0
2026-09-22,773.3800048828125,775.1400146484375,772.5700073242188,774.030029296875,34802300.0
2026-09-23,767.8099975585938,773.0499877929688,766.5,772.7899780273438,54931700.0
2026-09-24,767.1799926757812,768.9500122070312,763.25,764.0700073242188,43983700.0
2026-09-25,771.3499755859375,772.280029296875,766.2899780273438,768.780029296875,36666700.0
2026-09-28,765.6099853515625,769.5399780273438,763.719970703125,768.3499755859375,42694500.0
2026-09-29,764.2000122070312,766.97998046875,762.3499755859375,766.8300170898438,36910500.0
2026-09-30,762.6300048828125,769.4099731445312,762.1799926757812,766.4500122070312,62110000.0
2026-10-01,763.989990234375,765.6500244140625,758.7899780273438,764.3599853515625,47708100.0
2026-10-02,769.6400146484375,772.6500244140625,767.1500244140625,770.5800170898438,46335300.0
